USE CarRentalDB
--------------------------------------------------------------- INSERTIMI I TE DHENAVE ---------------------------------------------------------------
----------------------------------------------------------------------------------------------------------------------------------------------------------------------------
--------------------------------------------------------------- Insertimi i te dhenave per tabelen || DEGA || ---------------------------------------------------------------

INSERT INTO Dega (idDega, emriDeges, emailDega, rruga, qyteti, zipKodi) VALUES ('D001','Car Rental Dega Kaçanik','kacanik@carrentaldb.com','Skenderbeu','Kacanik',71000)
INSERT INTO Dega (idDega, emriDeges, emailDega, rruga, qyteti, zipKodi) VALUES ('D002','Car Rental Dega Prishtine','prishtine@carrentaldb.com','Skenderbeu','Prishtine',10000)
INSERT INTO Dega (idDega, emriDeges, emailDega, rruga, qyteti, zipKodi) VALUES ('D003','Car Rental Dega Ferizaj','ferizaj@carrentaldb.com','Skenderbeu','Ferizaj',70000)
INSERT INTO Dega (idDega, emriDeges, emailDega, rruga, qyteti, zipKodi) VALUES ('D004','Car Rental Dega Mitrovice','mitrovice@carrentaldb.com','Ibrahim Popoci','Mitrovice',40000)
INSERT INTO Dega (idDega, emriDeges, emailDega, rruga, qyteti, zipKodi) VALUES ('D005','Car Rental Dega Kaçanik 2','kacanik2@carrentaldb.com','Agim Bajrami','Kacanik',71000)
INSERT INTO Dega (idDega, emriDeges, emailDega, rruga, qyteti, zipKodi) VALUES ('D006','Car Rental Dega Prishtina 2','prishtine2@carrentaldb.com','Skenderbeu','Prishtine',10000)
INSERT INTO Dega (idDega, emriDeges, emailDega, rruga, qyteti, zipKodi) VALUES ('D007','Car Rental Dega Gjilan','gjilan@carrentaldb.com','Skenderbeu','Gjilan',60000)
INSERT INTO Dega (idDega, emriDeges, emailDega, rruga, qyteti, zipKodi) VALUES ('D008','Car Rental Dega Mitrovice 2','mitrovice2@carrentaldb.com','Brigada 142','Mitrovice',40000)
INSERT INTO Dega (idDega, emriDeges, emailDega, rruga, qyteti, zipKodi) VALUES ('D009','Car Rental Dega Kaçanik 3','kacanik3@carrentaldb.com','BLV. Ismail Raka','Kacanik',71000)
INSERT INTO Dega (idDega, emriDeges, emailDega, rruga, qyteti, zipKodi) VALUES ('D010','Car Rental Dega Prishtina 3','prishtine3@carrentaldb.com','Skenderbeu','Prishtine',10000)
INSERT INTO Dega (idDega, emriDeges, emailDega, rruga, qyteti, zipKodi) VALUES ('D011','Car Rental Dega Prishtina 4','prishtine4@carrentaldb.com','Skenderbeu','Prishtine',10000)
INSERT INTO Dega (idDega, emriDeges, emailDega, rruga, qyteti, zipKodi) VALUES ('D012','Car Rental Dega Ferizaj 2','ferizaj2@carrentaldb.com','Skenderbeu','Ferizaj',70000)
INSERT INTO Dega (idDega, emriDeges, emailDega, rruga, qyteti, zipKodi) VALUES ('D013','Car Rental Dega Kaçanik 4','kacanik4@carrentaldb.com','Emin Duraku','Kacanik',71000)

--------------------------------------------------------------- Mbarimi i Insertimit i te dhenave per tabelen || DEGA || ---------------------------------------------------------------

--------------------------------------------------------------- Insertimi i te dhenave per tabelen || nrKontaktitDega || ---------------------------------------------------------------

INSERT INTO nrKontaktitDega(idDega, nrTel) VALUES ('D001', 44123456)
INSERT INTO nrKontaktitDega(idDega, nrTel) VALUES ('D001', 44123457)
INSERT INTO nrKontaktitDega(idDega, nrTel) VALUES ('D002', 44123458)
INSERT INTO nrKontaktitDega(idDega, nrTel) VALUES ('D002', 44123459)
INSERT INTO nrKontaktitDega(idDega, nrTel) VALUES ('D003', 44123460)
INSERT INTO nrKontaktitDega(idDega, nrTel) VALUES ('D003', 44123461)
INSERT INTO nrKontaktitDega(idDega, nrTel) VALUES ('D004', 44123462)
INSERT INTO nrKontaktitDega(idDega, nrTel) VALUES ('D004', 44123463)
INSERT INTO nrKontaktitDega(idDega, nrTel) VALUES ('D005', 44123464)
INSERT INTO nrKontaktitDega(idDega, nrTel) VALUES ('D005', 44123465)
INSERT INTO nrKontaktitDega(idDega, nrTel) VALUES ('D006', 44123466)
INSERT INTO nrKontaktitDega(idDega, nrTel) VALUES ('D006', 44123467)
INSERT INTO nrKontaktitDega(idDega, nrTel) VALUES ('D007', 44123468)
INSERT INTO nrKontaktitDega(idDega, nrTel) VALUES ('D007', 44123469)
INSERT INTO nrKontaktitDega(idDega, nrTel) VALUES ('D008', 44123470)
INSERT INTO nrKontaktitDega(idDega, nrTel) VALUES ('D008', 44123471)
INSERT INTO nrKontaktitDega(idDega, nrTel) VALUES ('D009', 44123472)
INSERT INTO nrKontaktitDega(idDega, nrTel) VALUES ('D009', 44123473)
INSERT INTO nrKontaktitDega(idDega, nrTel) VALUES ('D010', 44123474)
INSERT INTO nrKontaktitDega(idDega, nrTel) VALUES ('D010', 44123475)
INSERT INTO nrKontaktitDega(idDega, nrTel) VALUES ('D011', 44123476)
INSERT INTO nrKontaktitDega(idDega, nrTel) VALUES ('D011', 44123477)
INSERT INTO nrKontaktitDega(idDega, nrTel) VALUES ('D012', 44123478)
INSERT INTO nrKontaktitDega(idDega, nrTel) VALUES ('D012', 44123479)
INSERT INTO nrKontaktitDega(idDega, nrTel) VALUES ('D013', 44123480)
INSERT INTO nrKontaktitDega(idDega, nrTel) VALUES ('D013', 44123481)

--------------------------------------------------------------- Mbarimi i Insertimit i te dhenave per tabelen || nrKontaktitDega || ---------------------------------------------------------------

--------------------------------------------------------------- Insertimi i te dhenave per tabelen || STAFI || ---------------------------------------------------------------

INSERT INTO Stafi(idDega,idStafi,emri,mbiemri,nrKontaktit) VALUES ('D001',1,'John','Smith',43551212)
INSERT INTO Stafi(idDega,idStafi,emri,mbiemri,nrKontaktit,degaMnxh, degaIdStafi) VALUES ('D001',2,'Mary','Johnson',44551213,'D001',1)
INSERT INTO Stafi(idDega,idStafi,emri,mbiemri,nrKontaktit,degaMnxh, degaIdStafi) VALUES ('D001',3,'Sarah','Williams',45551214,'D001',1)
INSERT INTO Stafi(idDega,idStafi,emri,mbiemri,nrKontaktit) VALUES ('D002',1,'Michael','Brown',46551215)
INSERT INTO Stafi(idDega,idStafi,emri,mbiemri,nrKontaktit,degaMnxh, degaIdStafi) VALUES ('D002',2,'Jessica','Davis',49551216,'D002',1)
INSERT INTO Stafi(idDega,idStafi,emri,mbiemri,nrKontaktit,degaMnxh, degaIdStafi) VALUES ('D002',3,'James','Garcia',43551217,'D002',1)
INSERT INTO Stafi(idDega,idStafi,emri,mbiemri,nrKontaktit) VALUES ('D003',1,'Emily','Martin',44551218)
INSERT INTO Stafi(idDega,idStafi,emri,mbiemri,nrKontaktit,degaMnxh, degaIdStafi) VALUES ('D003',2,'William','Thompson',45551219,'D003',1)
INSERT INTO Stafi(idDega,idStafi,emri,mbiemri,nrKontaktit,degaMnxh, degaIdStafi) VALUES ('D003',3,'Elizabeth','Jones',46551220,'D003',1)
INSERT INTO Stafi(idDega,idStafi,emri,mbiemri,nrKontaktit) VALUES ('D004',1,'Robert','anderson',48551221)
INSERT INTO Stafi(idDega,idStafi,emri,mbiemri,nrKontaktit,degaMnxh, degaIdStafi) VALUES ('D004',2,'Stephanie','Taylor',49551222,'D004',1)
INSERT INTO Stafi(idDega,idStafi,emri,mbiemri,nrKontaktit,degaMnxh, degaIdStafi) VALUES ('D004',3,'David','Jackson',43551223,'D004',1)
INSERT INTO Stafi(idDega,idStafi,emri,mbiemri,nrKontaktit) VALUES ('D005',1,'Jennifer','Harris',44551224)
INSERT INTO Stafi(idDega,idStafi,emri,mbiemri,nrKontaktit,degaMnxh, degaIdStafi) VALUES ('D005',2,'Christopher','Moore',49551225,'D005',1)
INSERT INTO Stafi(idDega,idStafi,emri,mbiemri,nrKontaktit,degaMnxh, degaIdStafi) VALUES ('D005',3,'Rachel','Kim',49551226,'D005',1)
INSERT INTO Stafi(idDega,idStafi,emri,mbiemri,nrKontaktit) VALUES ('D006',1,'Kevin','Lee',46551227)
INSERT INTO Stafi(idDega,idStafi,emri,mbiemri,nrKontaktit,degaMnxh, degaIdStafi) VALUES ('D006',2,'Nicole','Rodriguez',4655128,'D006',1)
INSERT INTO Stafi(idDega,idStafi,emri,mbiemri,nrKontaktit,degaMnxh, degaIdStafi) VALUES ('D006',3,'Mark','Scott',43551229,'D006',1)
INSERT INTO Stafi(idDega,idStafi,emri,mbiemri,nrKontaktit) VALUES ('D007',1,'andrea','Thompson',46551230)
INSERT INTO Stafi(idDega,idStafi,emri,mbiemri,nrKontaktit,degaMnxh, degaIdStafi) VALUES ('D007',2,'Jessica','Mitchell',48551231,'D007',1)
INSERT INTO Stafi(idDega,idStafi,emri,mbiemri,nrKontaktit,degaMnxh, degaIdStafi) VALUES ('D007',3,'Matthew','Baker',43551232,'D007',1)
INSERT INTO Stafi(idDega,idStafi,emri,mbiemri,nrKontaktit) VALUES ('D008',1,'Rachel','anderson',49551233)
INSERT INTO Stafi(idDega,idStafi,emri,mbiemri,nrKontaktit,degaMnxh, degaIdStafi) VALUES ('D008',2,'Sarah','Davis',43551234,'D008',1)
INSERT INTO Stafi(idDega,idStafi,emri,mbiemri,nrKontaktit,degaMnxh, degaIdStafi) VALUES ('D008',3,'David','Johnson',43551235,'D008',1)
INSERT INTO Stafi(idDega,idStafi,emri,mbiemri,nrKontaktit) VALUES ('D009',1,'Christopher','Williams',49551236)
INSERT INTO Stafi(idDega,idStafi,emri,mbiemri,nrKontaktit) VALUES ('D009',2,'Mary','Brown',43551237)
INSERT INTO Stafi(idDega,idStafi,emri,mbiemri,nrKontaktit,degaMnxh, degaIdStafi) VALUES ('D009',3,'Kevin','Garcia',43551238,'D009',1)
INSERT INTO Stafi(idDega,idStafi,emri,mbiemri,nrKontaktit,degaMnxh, degaIdStafi) VALUES ('D009',4,'Elizabeth','Martin',43551239,'D009',2)
INSERT INTO Stafi(idDega,idStafi,emri,mbiemri,nrKontaktit) VALUES ('D010',1,'Christopher','Baker',49551240)
INSERT INTO Stafi(idDega,idStafi,emri,mbiemri,nrKontaktit) VALUES ('D011',1,'William','Jones',43551241)
INSERT INTO Stafi(idDega,idStafi,emri,mbiemri,nrKontaktit) VALUES ('D012',1,'Robert','Taylor',43551242)
INSERT INTO Stafi(idDega,idStafi,emri,mbiemri,nrKontaktit,degaMnxh, degaIdStafi) VALUES ('D012',2,'Stephanie','Jackson',43551243,'D012',1)
INSERT INTO Stafi(idDega,idStafi,emri,mbiemri,nrKontaktit) VALUES ('D013',1,'Jennifer','Moore',45551244)
INSERT INTO Stafi(idDega,idStafi,emri,mbiemri,nrKontaktit,degaMnxh, degaIdStafi) VALUES ('D013',2,'Michael','Moore',43551245,'D013',1)

--------------------------------------------------------------- Mbarimi i Insertimit i te dhenave per tabelen || STAFI || ---------------------------------------------------------------

--------------------------------------------------------------- Insertimi i te dhenave per tabelen || POZITA || ---------------------------------------------------------------

INSERT INTO Pozita(idDega, idStafi, idPozita, roliPunes) VALUES ('D001', 1, 1, 'Menagjues i Stafi')
INSERT INTO Pozita(idDega, idStafi, idPozita, roliPunes) VALUES ('D001', 2, 1, 'Menagjues i Veturave')
INSERT INTO Pozita(idDega, idStafi, idPozita, roliPunes) VALUES ('D001', 3, 1, 'Puntor i thjesht')
INSERT INTO Pozita(idDega, idStafi, idPozita, roliPunes) VALUES ('D002', 1, 1, 'Menagjues i Stafi')
INSERT INTO Pozita(idDega, idStafi, idPozita, roliPunes) VALUES ('D002', 2, 1, 'Menagjues i Veturave')
INSERT INTO Pozita(idDega, idStafi, idPozita, roliPunes) VALUES ('D002', 3, 1, 'Puntor i thjesht')
INSERT INTO Pozita(idDega, idStafi, idPozita, roliPunes) VALUES ('D003', 1, 1, 'Menagjues i Stafi')
INSERT INTO Pozita(idDega, idStafi, idPozita, roliPunes) VALUES ('D003', 2, 1, 'Menagjues i Veturave')
INSERT INTO Pozita(idDega, idStafi, idPozita, roliPunes) VALUES ('D003', 3, 1, 'Puntor i thjesht')
INSERT INTO Pozita(idDega, idStafi, idPozita, roliPunes) VALUES ('D004', 1, 1, 'Menagjues i Stafi')
INSERT INTO Pozita(idDega, idStafi, idPozita, roliPunes) VALUES ('D004', 2, 1, 'Menagjues i Veturave')
INSERT INTO Pozita(idDega, idStafi, idPozita, roliPunes) VALUES ('D004', 3, 1, 'Puntor i thjesht')
INSERT INTO Pozita(idDega, idStafi, idPozita, roliPunes) VALUES ('D005', 1, 1, 'Menagjues i Stafi')
INSERT INTO Pozita(idDega, idStafi, idPozita, roliPunes) VALUES ('D005', 2, 1, 'Menagjues i Veturave')
INSERT INTO Pozita(idDega, idStafi, idPozita, roliPunes) VALUES ('D005', 3, 1, 'Puntor i thjesht')
INSERT INTO Pozita(idDega, idStafi, idPozita, roliPunes) VALUES ('D006', 1, 1, 'Menagjues i Stafi')
INSERT INTO Pozita(idDega, idStafi, idPozita, roliPunes) VALUES ('D006', 2, 1, 'Menagjues i Veturave')
INSERT INTO Pozita(idDega, idStafi, idPozita, roliPunes) VALUES ('D006', 3, 1, 'Puntor i thjesht')
INSERT INTO Pozita(idDega, idStafi, idPozita, roliPunes) VALUES ('D007', 1, 1, 'Menagjues i Stafi')
INSERT INTO Pozita(idDega, idStafi, idPozita, roliPunes) VALUES ('D007', 2, 1, 'Menagjues i Veturave')
INSERT INTO Pozita(idDega, idStafi, idPozita, roliPunes) VALUES ('D007', 3, 1, 'Puntor i thjesht')
INSERT INTO Pozita(idDega, idStafi, idPozita, roliPunes) VALUES ('D008', 1, 1, 'Menagjues i Stafi')
INSERT INTO Pozita(idDega, idStafi, idPozita, roliPunes) VALUES ('D008', 2, 1, 'Menagjues i Veturave')
INSERT INTO Pozita(idDega, idStafi, idPozita, roliPunes) VALUES ('D008', 3, 1, 'Puntor i thjesht')
INSERT INTO Pozita(idDega, idStafi, idPozita, roliPunes) VALUES ('D009', 1, 1, 'Menagjues i Stafi')
INSERT INTO Pozita(idDega, idStafi, idPozita, roliPunes) VALUES ('D009', 2, 1, 'Menagjues i Stafi')
INSERT INTO Pozita(idDega, idStafi, idPozita, roliPunes) VALUES ('D009', 2, 2, 'Menagjues i Veturave')
INSERT INTO Pozita(idDega, idStafi, idPozita, roliPunes) VALUES ('D009', 3, 1, 'Puntor i thjesht')
INSERT INTO Pozita(idDega, idStafi, idPozita, roliPunes) VALUES ('D009', 4, 1, 'Puntor i thjesht')
INSERT INTO Pozita(idDega, idStafi, idPozita, roliPunes) VALUES ('D010', 1, 1, 'Menagjues i Stafi')
INSERT INTO Pozita(idDega, idStafi, idPozita, roliPunes) VALUES ('D010', 1, 2, 'Menagjues i Veturave')
INSERT INTO Pozita(idDega, idStafi, idPozita, roliPunes) VALUES ('D010', 1, 3, 'Puntor i thjesht')
INSERT INTO Pozita(idDega, idStafi, idPozita, roliPunes) VALUES ('D011', 1, 1, 'Menagjues i Stafi')
INSERT INTO Pozita(idDega, idStafi, idPozita, roliPunes) VALUES ('D011', 1, 2, 'Menagjues i Veturave')
INSERT INTO Pozita(idDega, idStafi, idPozita, roliPunes) VALUES ('D011', 1, 3, 'Puntor i thjesht')
INSERT INTO Pozita(idDega, idStafi, idPozita, roliPunes) VALUES ('D012', 1, 1, 'Menagjues i Stafi')
INSERT INTO Pozita(idDega, idStafi, idPozita, roliPunes) VALUES ('D012', 2, 1, 'Menagjues i Veturave')
INSERT INTO Pozita(idDega, idStafi, idPozita, roliPunes) VALUES ('D012', 2, 2, 'Puntor i thjesht')
INSERT INTO Pozita(idDega, idStafi, idPozita, roliPunes) VALUES ('D013', 1, 1, 'Menagjues i Stafi')
INSERT INTO Pozita(idDega, idStafi, idPozita, roliPunes) VALUES ('D013', 2, 1, 'Menagjues i Veturave')
INSERT INTO Pozita(idDega, idStafi, idPozita, roliPunes) VALUES ('D013', 2, 2, 'Puntor i thjesht')

--------------------------------------------------------------- Mbarimi i Insertimit i te dhenave per tabelen || POZITA || ---------------------------------------------------------------

--------------------------------------------------------------- Insertimi i te dhenave per tabelen || MARKA || ---------------------------------------------------------------

INSERT INTO Marka(kodiMarkes, emriMarkes) VALUES ('AUDI', 'Audi AG')
INSERT INTO Marka(kodiMarkes, emriMarkes) VALUES ('BMW', 'Bayerische Motoren Werke AG')
INSERT INTO Marka(kodiMarkes, emriMarkes) VALUES ('FORD', 'Ford Motor Company')
INSERT INTO Marka(kodiMarkes, emriMarkes) VALUES ('HonDA', 'HonDA Motor Co., Ltd.')
INSERT INTO Marka(kodiMarkes, emriMarkes) VALUES ('HYUNDAI', 'Hyundai Motor Company')
INSERT INTO Marka(kodiMarkes, emriMarkes) VALUES ('JAGUAR', 'Jaguar Land Rover Limited')
INSERT INTO Marka(kodiMarkes, emriMarkes) VALUES ('JEEP', 'Jeep')
INSERT INTO Marka(kodiMarkes, emriMarkes) VALUES ('KIA', 'Kia Motors Corporation')
INSERT INTO Marka(kodiMarkes, emriMarkes) VALUES ('LEXUS', 'Lexus')
INSERT INTO Marka(kodiMarkes, emriMarkes) VALUES ('MAZDA', 'Mazda Motor Corporation')
INSERT INTO Marka(kodiMarkes, emriMarkes) VALUES ('BENZ', 'Mercedes-Benz')
INSERT INTO Marka(kodiMarkes, emriMarkes) VALUES ('MINI', 'MINI')
INSERT INTO Marka(kodiMarkes, emriMarkes) VALUES ('NISSAN', 'Nissan Motor Company')
INSERT INTO Marka(kodiMarkes, emriMarkes) VALUES ('TOYOTA', 'Toyota Motor Corporation')
INSERT INTO Marka(kodiMarkes, emriMarkes) VALUES ('VW', 'Volkswagen Group')

--------------------------------------------------------------- Mbarimi i Insertimit i te dhenave per tabelen || MARKA || ---------------------------------------------------------------

--------------------------------------------------------------- Insertimi i te dhenave per tabelen || VETURA || ---------------------------------------------------------------

INSERT INTO Vetura(kodiMarkes,idVetura,llojiVetures,kmVetures,qmimiDitor,StafiDega,StafiID) VALUES ('AUDI', 1, 'A3', 188418, 81.73, 'D010', 1)
INSERT INTO Vetura(kodiMarkes,idVetura,llojiVetures,kmVetures,qmimiDitor,StafiDega,StafiID) VALUES ('AUDI', 2, 'A4', 158863, 53.88, 'D011', 1)
INSERT INTO Vetura(kodiMarkes,idVetura,llojiVetures,kmVetures,qmimiDitor,StafiDega,StafiID) VALUES ('AUDI', 3, 'A5', 178498, 104.87, 'D010', 1)
INSERT INTO Vetura(kodiMarkes,idVetura,llojiVetures,kmVetures,qmimiDitor,StafiDega,StafiID) VALUES ('BENZ',1,'C-Class',114963,87.06, 'D001', 2)
INSERT INTO Vetura(kodiMarkes,idVetura,llojiVetures,kmVetures,qmimiDitor,StafiDega,StafiID) VALUES ('BENZ',2,'E-Class',109497,115.39, 'D001', 2)
INSERT INTO Vetura(kodiMarkes,idVetura,llojiVetures,kmVetures,qmimiDitor,StafiDega,StafiID) VALUES ('BENZ',3,'S-Class',190588,99.12, 'D011', 1)
INSERT INTO Vetura(kodiMarkes,idVetura,llojiVetures,kmVetures,qmimiDitor,StafiDega,StafiID) VALUES ('BMW', 1, '3 Series', 183735, 28.36, 'D011', 1)
INSERT INTO Vetura(kodiMarkes,idVetura,llojiVetures,kmVetures,qmimiDitor,StafiDega,StafiID) VALUES ('BMW', 2, '5 Series', 150166, 106.41, 'D011', 1)
INSERT INTO Vetura(kodiMarkes,idVetura,llojiVetures,kmVetures,qmimiDitor,StafiDega,StafiID) VALUES ('BMW', 3, '7 Series', 140193, 69.88, 'D010', 1)
INSERT INTO Vetura(kodiMarkes,idVetura,llojiVetures,kmVetures,qmimiDitor,StafiDega,StafiID) VALUES ('FORD', 1, 'Fiesta', 147610, 101.79, 'D001', 2)
INSERT INTO Vetura(kodiMarkes,idVetura,llojiVetures,kmVetures,qmimiDitor,StafiDega,StafiID) VALUES ('FORD', 2, 'Focus', 172077, 78.56, 'D002', 2)
INSERT INTO Vetura(kodiMarkes,idVetura,llojiVetures,kmVetures,qmimiDitor,StafiDega,StafiID) VALUES ('FORD', 3, 'Mustang', 154422, 115.45, 'D001', 2)
INSERT INTO Vetura(kodiMarkes,idVetura,llojiVetures,kmVetures,qmimiDitor,StafiDega,StafiID) VALUES ('HonDA', 1, 'Civic', 127253, 77.12, 'D002', 2)
INSERT INTO Vetura(kodiMarkes,idVetura,llojiVetures,kmVetures,qmimiDitor,StafiDega,StafiID) VALUES ('HonDA', 2, 'Accord', 119208, 68.96, 'D002', 2)
INSERT INTO Vetura(kodiMarkes,idVetura,llojiVetures,kmVetures,qmimiDitor,StafiDega,StafiID) VALUES ('HonDA', 3, 'CR-V', 136030, 78.10, 'D003', 2)
INSERT INTO Vetura(kodiMarkes,idVetura,llojiVetures,kmVetures,qmimiDitor,StafiDega,StafiID) VALUES ('HYUNDAI',1,'Accent',138418,73.32, 'D004', 2)
INSERT INTO Vetura(kodiMarkes,idVetura,llojiVetures,kmVetures,qmimiDitor,StafiDega,StafiID) VALUES ('HYUNDAI',2,'Elantra',164591,86.60, 'D005', 2)
INSERT INTO Vetura(kodiMarkes,idVetura,llojiVetures,kmVetures,qmimiDitor,StafiDega,StafiID) VALUES ('HYUNDAI',3,'Sonata',161773,107.79, 'D010', 1)
INSERT INTO Vetura(kodiMarkes,idVetura,llojiVetures,kmVetures,qmimiDitor,StafiDega,StafiID) VALUES ('JAGUAR',1,'F-Type',123324,88.02, 'D006', 2)
INSERT INTO Vetura(kodiMarkes,idVetura,llojiVetures,kmVetures,qmimiDitor,StafiDega,StafiID) VALUES ('JAGUAR',2,'XE',175761,72.45, 'D007', 2)
INSERT INTO Vetura(kodiMarkes,idVetura,llojiVetures,kmVetures,qmimiDitor,StafiDega,StafiID) VALUES ('JAGUAR',3,'XF',141482,104.47, 'D008', 2)
INSERT INTO Vetura(kodiMarkes,idVetura,llojiVetures,kmVetures,qmimiDitor,StafiDega,StafiID) VALUES ('JEEP',1,'Cherokee',107662,105.79, 'D009', 2)
INSERT INTO Vetura(kodiMarkes,idVetura,llojiVetures,kmVetures,qmimiDitor,StafiDega,StafiID) VALUES ('JEEP',2,'Grand Cherokee',135046,27.75, 'D010', 1)
INSERT INTO Vetura(kodiMarkes,idVetura,llojiVetures,kmVetures,qmimiDitor,StafiDega,StafiID) VALUES ('JEEP',3,'Wrangler',165738,93.79, 'D012', 2)
INSERT INTO Vetura(kodiMarkes,idVetura,llojiVetures,kmVetures,qmimiDitor,StafiDega,StafiID) VALUES ('KIA',1,'Forte',168211,39.66, 'D013', 2)
INSERT INTO Vetura(kodiMarkes,idVetura,llojiVetures,kmVetures,qmimiDitor,StafiDega,StafiID) VALUES ('KIA',2,'Optima',192360,76.66, 'D012', 2)
INSERT INTO Vetura(kodiMarkes,idVetura,llojiVetures,kmVetures,qmimiDitor,StafiDega,StafiID) VALUES ('KIA',3,'Sorento',145939,107.70, 'D002', 2)
INSERT INTO Vetura(kodiMarkes,idVetura,llojiVetures,kmVetures,qmimiDitor,StafiDega,StafiID) VALUES ('LEXUS',1,'ES',195996,20.73, 'D013', 2)
INSERT INTO Vetura(kodiMarkes,idVetura,llojiVetures,kmVetures,qmimiDitor,StafiDega,StafiID) VALUES ('LEXUS',2,'GS',169727,72.68, 'D012', 2)
INSERT INTO Vetura(kodiMarkes,idVetura,llojiVetures,kmVetures,qmimiDitor,StafiDega,StafiID) VALUES ('LEXUS',3,'IS',132873,34.65, 'D013', 2)
INSERT INTO Vetura(kodiMarkes,idVetura,llojiVetures,kmVetures,qmimiDitor,StafiDega,StafiID) VALUES ('MAZDA',1,'3',184030,89.96, 'D001', 2)
INSERT INTO Vetura(kodiMarkes,idVetura,llojiVetures,kmVetures,qmimiDitor,StafiDega,StafiID) VALUES ('MAZDA',2,'6',137841,44.59, 'D002', 2)
INSERT INTO Vetura(kodiMarkes,idVetura,llojiVetures,kmVetures,qmimiDitor,StafiDega,StafiID) VALUES ('MAZDA',3,'CX-5',176645,100.40, 'D003', 2)
INSERT INTO Vetura(kodiMarkes,idVetura,llojiVetures,kmVetures,qmimiDitor,StafiDega,StafiID) VALUES ('MINI', 1, 'Cooper', 124754, 81.03, 'D004', 2)
INSERT INTO Vetura(kodiMarkes,idVetura,llojiVetures,kmVetures,qmimiDitor,StafiDega,StafiID) VALUES ('MINI', 2, 'Cooper S', 114538, 87.56, 'D002', 2)
INSERT INTO Vetura(kodiMarkes,idVetura,llojiVetures,kmVetures,qmimiDitor,StafiDega,StafiID) VALUES ('MINI', 3, 'John Cooper Works', 182380, 92.38, 'D012', 2)
INSERT INTO Vetura(kodiMarkes,idVetura,llojiVetures,kmVetures,qmimiDitor,StafiDega,StafiID) VALUES ('MINI', 4, 'Clubman', 170999, 76.10, 'D003', 2)
INSERT INTO Vetura(kodiMarkes,idVetura,llojiVetures,kmVetures,qmimiDitor,StafiDega,StafiID) VALUES ('MINI', 5, 'Paceman', 162061, 93.75, 'D013', 2)
INSERT INTO Vetura(kodiMarkes,idVetura,llojiVetures,kmVetures,qmimiDitor,StafiDega,StafiID) VALUES ('NISSAN', 1, 'Altima', 127322, 47.50, 'D005', 2)
INSERT INTO Vetura(kodiMarkes,idVetura,llojiVetures,kmVetures,qmimiDitor,StafiDega,StafiID) VALUES ('NISSAN', 2, 'Sentra', 106829, 101.34, 'D006', 2)
INSERT INTO Vetura(kodiMarkes,idVetura,llojiVetures,kmVetures,qmimiDitor,StafiDega,StafiID) VALUES ('NISSAN', 3, 'Maxima', 188940, 90.42, 'D007', 2)
INSERT INTO Vetura(kodiMarkes,idVetura,llojiVetures,kmVetures,qmimiDitor,StafiDega,StafiID) VALUES ('NISSAN', 4, 'Rogue', 167614, 92.80, 'D013', 2)
INSERT INTO Vetura(kodiMarkes,idVetura,llojiVetures,kmVetures,qmimiDitor,StafiDega,StafiID) VALUES ('NISSAN', 5, 'Pathfinder', 143875, 68.79, 'D004', 2)
INSERT INTO Vetura(kodiMarkes,idVetura,llojiVetures,kmVetures,qmimiDitor,StafiDega,StafiID) VALUES ('NISSAN', 6, 'Murano', 156576, 98.96, 'D012', 2)
INSERT INTO Vetura(kodiMarkes,idVetura,llojiVetures,kmVetures,qmimiDitor,StafiDega,StafiID) VALUES ('TOYOTA', 1, 'RAV4', 133573, 45.0, 'D003', 2)
INSERT INTO Vetura(kodiMarkes,idVetura,llojiVetures,kmVetures,qmimiDitor,StafiDega,StafiID) VALUES ('TOYOTA', 2, 'Highlander', 110623, 55.0, 'D012', 2)
INSERT INTO Vetura(kodiMarkes,idVetura,llojiVetures,kmVetures,qmimiDitor,StafiDega,StafiID) VALUES ('TOYOTA', 3, '4Runner', 126400, 65.0, 'D003', 2)
INSERT INTO Vetura(kodiMarkes,idVetura,llojiVetures,kmVetures,qmimiDitor,StafiDega,StafiID) VALUES ('TOYOTA', 4, 'Camry', 131758, 93.23, 'D008', 2)
INSERT INTO Vetura(kodiMarkes,idVetura,llojiVetures,kmVetures,qmimiDitor,StafiDega,StafiID) VALUES ('TOYOTA', 5, 'Corolla', 197676, 73.60, 'D009', 2)
INSERT INTO Vetura(kodiMarkes,idVetura,llojiVetures,kmVetures,qmimiDitor,StafiDega,StafiID) VALUES ('TOYOTA', 6, 'Prius', 153645, 62.76, 'D012', 2)
INSERT INTO Vetura(kodiMarkes,idVetura,llojiVetures,kmVetures,qmimiDitor,StafiDega,StafiID) VALUES ('VW', 1, 'Tiguan', 116380, 90.79, 'D006', 2)
INSERT INTO Vetura(kodiMarkes,idVetura,llojiVetures,kmVetures,qmimiDitor,StafiDega,StafiID) VALUES ('VW', 2, 'Atlas', 173480, 41.82, 'D006', 2)
INSERT INTO Vetura(kodiMarkes,idVetura,llojiVetures,kmVetures,qmimiDitor,StafiDega,StafiID) VALUES ('VW', 3, 'Touareg', 152027, 60.0, 'D003', 2)
INSERT INTO Vetura(kodiMarkes,idVetura,llojiVetures,kmVetures,qmimiDitor,StafiDega,StafiID) VALUES ('VW', 4, 'Golf', 199478, 30.0, 'D005', 2)
INSERT INTO Vetura(kodiMarkes,idVetura,llojiVetures,kmVetures,qmimiDitor,StafiDega,StafiID) VALUES ('VW', 5, 'Jetta', 171247, 40.0, 'D004', 2)
INSERT INTO Vetura(kodiMarkes,idVetura,llojiVetures,kmVetures,qmimiDitor,StafiDega,StafiID) VALUES ('VW', 6, 'Passat', 148238, 50.0, 'D004', 2)

--------------------------------------------------------------- Mbarimi i Insertimit i te dhenave per tabelen || VETURA || ---------------------------------------------------------------

--------------------------------------------------------------- Insertimi i te dhenave per tabelen || KLIENTI || ---------------------------------------------------------------

INSERT INTO Klienti (nrPatentSHF, emri, mbiemri, nrKontaktit) VALUES ('DL12345678', 'John', 'Smith', 43123456)
INSERT INTO Klienti (nrPatentSHF, emri, mbiemri, nrKontaktit) VALUES ('DL12346789', 'Alice', 'Jones', 44123456)
INSERT INTO Klienti (nrPatentSHF, emri, mbiemri, nrKontaktit) VALUES ('DL12345679', 'Bob', 'Brown', 49123456)
INSERT INTO Klienti (nrPatentSHF, emri, mbiemri, nrKontaktit) VALUES ('DL12345987', 'Eve', 'Taylor', 45123456)
INSERT INTO Klienti (nrPatentSHF, emri, mbiemri, nrKontaktit) VALUES ('DL12345986', 'Mike', 'Williams', 46123456)
INSERT INTO Klienti (nrPatentSHF, emri, mbiemri, nrKontaktit) VALUES ('DL12345985', 'Sara', 'Johnson', 43234567)
INSERT INTO Klienti (nrPatentSHF, emri, mbiemri, nrKontaktit) VALUES ('DL12345984', 'Laura', 'Miller', 44234567)
INSERT INTO Klienti (nrPatentSHF, emri, mbiemri, nrKontaktit) VALUES ('DL12345983', 'David', 'Davis', 49234567)
INSERT INTO Klienti (nrPatentSHF, emri, mbiemri, nrKontaktit) VALUES ('DL12345982', 'Kate', 'Wilson', 45234567)
INSERT INTO Klienti (nrPatentSHF, emri, mbiemri, nrKontaktit) VALUES ('DL12345981', 'Tom', 'Moore', 46234567)
INSERT INTO Klienti (nrPatentSHF, emri, mbiemri, nrKontaktit) VALUES ('DL12345672', 'Chris', 'Johnson', 43123457)
INSERT INTO Klienti (nrPatentSHF, emri, mbiemri, nrKontaktit) VALUES ('DL12345673', 'Emily', 'Williams', 44123457)
INSERT INTO Klienti (nrPatentSHF, emri, mbiemri, nrKontaktit) VALUES ('DL12345674', 'Sam', 'Brown', 49123457)
INSERT INTO Klienti (nrPatentSHF, emri, mbiemri, nrKontaktit) VALUES ('DL12345675', 'Julie', 'Taylor', 45123457)
INSERT INTO Klienti (nrPatentSHF, emri, mbiemri, nrKontaktit) VALUES ('DL12345676', 'Alex', 'Jones', 46123457)
INSERT INTO Klienti (nrPatentSHF, emri, mbiemri, nrKontaktit) VALUES ('DL12345677', 'Jessica', 'Miller', 43234568)
INSERT INTO Klienti (nrPatentSHF, emri, mbiemri, nrKontaktit) VALUES ('DL12345979', 'James', 'Davis', 44234568)
INSERT INTO Klienti (nrPatentSHF, emri, mbiemri, nrKontaktit) VALUES ('DL12366679', 'Sarah', 'Wilson', 49234568)
INSERT INTO Klienti (nrPatentSHF, emri, mbiemri, nrKontaktit) VALUES ('DL12345680', 'Emily', 'Moore', 45234568)
INSERT INTO Klienti (nrPatentSHF, emri, mbiemri, nrKontaktit) VALUES ('DL12345681', 'Mark', 'Johnson', 46234568)
INSERT INTO Klienti (nrPatentSHF, emri, mbiemri, nrKontaktit) VALUES ('DL12345682', 'Katie', 'Williams', 43234569)
INSERT INTO Klienti (nrPatentSHF, emri, mbiemri, nrKontaktit) VALUES ('DL12345683', 'Chris', 'Brown', 44234569)
INSERT INTO Klienti (nrPatentSHF, emri, mbiemri, nrKontaktit) VALUES ('DL12345684', 'Ben', 'Taylor', 49234569)
INSERT INTO Klienti (nrPatentSHF, emri, mbiemri, nrKontaktit) VALUES ('DL12345685', 'Emma', 'Jones', 45234569)
INSERT INTO Klienti (nrPatentSHF, emri, mbiemri, nrKontaktit) VALUES ('DL12345686', 'Jessica', 'Moore', 46234569)

--------------------------------------------------------------- Mbarimi i Insertimit i te dhenave per tabelen || KLIENTI || ---------------------------------------------------------------

--------------------------------------------------------------- Insertimi i te dhenave per tabelen || RegjistrimiVet || ---------------------------------------------------------------

INSERT INTO RegjistrimiVet(kodiMarkes, idVetura, idReg, tabelatEVet, dataFillReg, dataMbarReg, emriKompanisReg, kaKartonGjelb) VALUES ('AUDI', 1, 1, '05-628-YR', '03/06/2021', '03/05/2022', 'Dukagjini', 'Po')
INSERT INTO RegjistrimiVet(kodiMarkes, idVetura, idReg, tabelatEVet, dataFillReg, dataMbarReg, emriKompanisReg, kaKartonGjelb) VALUES ('AUDI', 2, 2, '06-505-MQ', '09/14/2021', '09/13/2022', 'SIGKOS', 'Jo')
INSERT INTO RegjistrimiVet(kodiMarkes, idVetura, idReg, tabelatEVet, dataFillReg, dataMbarReg, emriKompanisReg, kaKartonGjelb) VALUES ('AUDI', 3, 3, '07-893-KL', '10/18/2022', '10/17/2023', 'Sigal', 'Po')
INSERT INTO RegjistrimiVet(kodiMarkes, idVetura, idReg, tabelatEVet, dataFillReg, dataMbarReg, emriKompanisReg, kaKartonGjelb) VALUES ('BENZ', 1, 4, '04-157-OY', '03/16/2021', '03/15/2022', 'EuroSig', 'Po')
INSERT INTO RegjistrimiVet(kodiMarkes, idVetura, idReg, tabelatEVet, dataFillReg, dataMbarReg, emriKompanisReg, kaKartonGjelb) VALUES ('BENZ', 2, 5, '01-472-GD', '03/26/2021', '03/25/2022', 'Scardian', 'Po')
INSERT INTO RegjistrimiVet(kodiMarkes, idVetura, idReg, tabelatEVet, dataFillReg, dataMbarReg, emriKompanisReg, kaKartonGjelb) VALUES ('BENZ', 3, 6, '04-999-YB', '08/23/2021', '08/22/2022', 'SIGKOS', 'Jo')
INSERT INTO RegjistrimiVet(kodiMarkes, idVetura, idReg, tabelatEVet, dataFillReg, dataMbarReg, emriKompanisReg, kaKartonGjelb) VALUES ('BMW', 1, 7, '07-941-OT', '09/26/2021', '09/25/2022', 'Dukagjini', 'Po')
INSERT INTO RegjistrimiVet(kodiMarkes, idVetura, idReg, tabelatEVet, dataFillReg, dataMbarReg, emriKompanisReg, kaKartonGjelb) VALUES ('BMW', 2, 8, '01-728-QP', '08/11/2022', '08/10/2023', 'ELSIG', 'Po')
INSERT INTO RegjistrimiVet(kodiMarkes, idVetura, idReg, tabelatEVet, dataFillReg, dataMbarReg, emriKompanisReg, kaKartonGjelb) VALUES ('BMW', 3, 9, '03-947-PP', '10/11/2022', '10/10/2023', 'Sigal', 'Po')
INSERT INTO RegjistrimiVet(kodiMarkes, idVetura, idReg, tabelatEVet, dataFillReg, dataMbarReg, emriKompanisReg, kaKartonGjelb) VALUES ('FORD', 1, 10, '03-266-GV', '02/14/2021', '02/13/2022', 'EuroSig', 'Po')
INSERT INTO RegjistrimiVet(kodiMarkes, idVetura, idReg, tabelatEVet, dataFillReg, dataMbarReg, emriKompanisReg, kaKartonGjelb) VALUES ('FORD', 2, 11, '01-813-GP', '06/16/2021', '06/15/2022', 'ELSIG', 'Jo')
INSERT INTO RegjistrimiVet(kodiMarkes, idVetura, idReg, tabelatEVet, dataFillReg, dataMbarReg, emriKompanisReg, kaKartonGjelb) VALUES ('FORD', 3, 12, '06-401-QI', '05/22/2022', '05/21/2023', 'Dukagjini', 'Jo')
INSERT INTO RegjistrimiVet(kodiMarkes, idVetura, idReg, tabelatEVet, dataFillReg, dataMbarReg, emriKompanisReg, kaKartonGjelb) VALUES ('HonDA', 1, 13, '05-258-QD', '08/12/2022', '08/11/2023', 'Sigal', 'Jo')
INSERT INTO RegjistrimiVet(kodiMarkes, idVetura, idReg, tabelatEVet, dataFillReg, dataMbarReg, emriKompanisReg, kaKartonGjelb) VALUES ('HonDA', 2, 14, '02-220-IF', '09/20/2022', '09/19/2023', 'ELSIG', 'Jo')
INSERT INTO RegjistrimiVet(kodiMarkes, idVetura, idReg, tabelatEVet, dataFillReg, dataMbarReg, emriKompanisReg, kaKartonGjelb) VALUES ('HonDA', 3, 15, '04-706-CD', '10/07/2022', '10/06/2023', 'Scardian', 'Po')
INSERT INTO RegjistrimiVet(kodiMarkes, idVetura, idReg, tabelatEVet, dataFillReg, dataMbarReg, emriKompanisReg, kaKartonGjelb) VALUES ('HYUNDAI', 1, 16, '05-952-SZ', '05/11/2022', '05/10/2023', 'SIGKOS', 'Po')
INSERT INTO RegjistrimiVet(kodiMarkes, idVetura, idReg, tabelatEVet, dataFillReg, dataMbarReg, emriKompanisReg, kaKartonGjelb) VALUES ('HYUNDAI', 2, 17, '04-689-OE', '05/23/2021', '05/22/2022', 'Sigal', 'Po')
INSERT INTO RegjistrimiVet(kodiMarkes, idVetura, idReg, tabelatEVet, dataFillReg, dataMbarReg, emriKompanisReg, kaKartonGjelb) VALUES ('HYUNDAI', 3, 18, '05-494-UQ', '11/04/2022', '11/03/2023', 'Scardian', 'Jo')
INSERT INTO RegjistrimiVet(kodiMarkes, idVetura, idReg, tabelatEVet, dataFillReg, dataMbarReg, emriKompanisReg, kaKartonGjelb) VALUES ('JAGUAR', 1, 19, '06-261-XC', '12/25/2021', '12/24/2022', 'ELSIG', 'Jo')
INSERT INTO RegjistrimiVet(kodiMarkes, idVetura, idReg, tabelatEVet, dataFillReg, dataMbarReg, emriKompanisReg, kaKartonGjelb) VALUES ('JAGUAR', 2, 20, '08-866-ML', '10/13/2022', '10/12/2023', 'Dukagjini', 'Po')
INSERT INTO RegjistrimiVet(kodiMarkes, idVetura, idReg, tabelatEVet, dataFillReg, dataMbarReg, emriKompanisReg, kaKartonGjelb) VALUES ('JAGUAR', 3, 21, '05-163-QB', '07/04/2022', '07/03/2023', 'SIGKOS', 'Jo')
INSERT INTO RegjistrimiVet(kodiMarkes, idVetura, idReg, tabelatEVet, dataFillReg, dataMbarReg, emriKompanisReg, kaKartonGjelb) VALUES ('JEEP', 1, 21, '06-669-ND', '12/14/2021', '12/13/2022', 'Scardian', 'Po')
INSERT INTO RegjistrimiVet(kodiMarkes, idVetura, idReg, tabelatEVet, dataFillReg, dataMbarReg, emriKompanisReg, kaKartonGjelb) VALUES ('JEEP', 2, 22, '08-341-GR', '11/09/2022', '11/08/2023', 'ELSIG', 'Jo')
INSERT INTO RegjistrimiVet(kodiMarkes, idVetura, idReg, tabelatEVet, dataFillReg, dataMbarReg, emriKompanisReg, kaKartonGjelb) VALUES ('JEEP', 3, 23, '05-145-CY', '01/27/2022', '01/26/2023', 'ELSIG', 'Po')
INSERT INTO RegjistrimiVet(kodiMarkes, idVetura, idReg, tabelatEVet, dataFillReg, dataMbarReg, emriKompanisReg, kaKartonGjelb) VALUES ('KIA', 1, 24, '08-699-GX', '08/07/2022', '08/06/2023', 'Scardian', 'Jo')
INSERT INTO RegjistrimiVet(kodiMarkes, idVetura, idReg, tabelatEVet, dataFillReg, dataMbarReg, emriKompanisReg, kaKartonGjelb) VALUES ('KIA', 2, 25, '04-491-CX', '02/03/2021', '02/02/2022', 'EuroSig', 'Jo')
INSERT INTO RegjistrimiVet(kodiMarkes, idVetura, idReg, tabelatEVet, dataFillReg, dataMbarReg, emriKompanisReg, kaKartonGjelb) VALUES ('KIA', 3, 26, '01-163-IK', '02/05/2021', '02/04/2022', 'Dukagjini', 'Jo')
INSERT INTO RegjistrimiVet(kodiMarkes, idVetura, idReg, tabelatEVet, dataFillReg, dataMbarReg, emriKompanisReg, kaKartonGjelb) VALUES ('LEXUS', 1, 27, '01-379-OK', '01/20/2022', '01/19/2023', 'Scardian', 'Po')
INSERT INTO RegjistrimiVet(kodiMarkes, idVetura, idReg, tabelatEVet, dataFillReg, dataMbarReg, emriKompanisReg, kaKartonGjelb) VALUES ('LEXUS', 2, 28, '02-687-ZS', '03/18/2022', '03/17/2023', 'EuroSig', 'Jo')
INSERT INTO RegjistrimiVet(kodiMarkes, idVetura, idReg, tabelatEVet, dataFillReg, dataMbarReg, emriKompanisReg, kaKartonGjelb) VALUES ('LEXUS', 3, 29, '03-565-VT', '01/06/2021', '01/05/2022', 'ELSIG', 'Po')
INSERT INTO RegjistrimiVet(kodiMarkes, idVetura, idReg, tabelatEVet, dataFillReg, dataMbarReg, emriKompanisReg, kaKartonGjelb) VALUES ('MAZDA', 1, 30, '03-994-UV', '04/18/2021', '04/17/2022', 'Scardian', 'Po')
INSERT INTO RegjistrimiVet(kodiMarkes, idVetura, idReg, tabelatEVet, dataFillReg, dataMbarReg, emriKompanisReg, kaKartonGjelb) VALUES ('MAZDA', 2, 31, '03-464-AG', '01/02/2022', '01/01/2023', 'EuroSig', 'Po')
INSERT INTO RegjistrimiVet(kodiMarkes, idVetura, idReg, tabelatEVet, dataFillReg, dataMbarReg, emriKompanisReg, kaKartonGjelb) VALUES ('MAZDA', 3, 32, '06-684-OX', '07/16/2021', '07/15/2022', 'ELSIG', 'Po')
INSERT INTO RegjistrimiVet(kodiMarkes, idVetura, idReg, tabelatEVet, dataFillReg, dataMbarReg, emriKompanisReg, kaKartonGjelb) VALUES ('MINI', 1, 33, '02-240-OF', '01/05/2022', '01/04/2023', 'Scardian', 'Jo')
INSERT INTO RegjistrimiVet(kodiMarkes, idVetura, idReg, tabelatEVet, dataFillReg, dataMbarReg, emriKompanisReg, kaKartonGjelb) VALUES ('MINI', 2, 34, '07-150-MI', '09/20/2021', '09/19/2022', 'Scardian', 'Po')
INSERT INTO RegjistrimiVet(kodiMarkes, idVetura, idReg, tabelatEVet, dataFillReg, dataMbarReg, emriKompanisReg, kaKartonGjelb) VALUES ('MINI', 3, 35, '02-897-QR', '04/01/2021', '03/31/2022', 'Scardian', 'Jo')
INSERT INTO RegjistrimiVet(kodiMarkes, idVetura, idReg, tabelatEVet, dataFillReg, dataMbarReg, emriKompanisReg, kaKartonGjelb) VALUES ('MINI', 4, 36, '06-246-VK', '11/08/2021', '11/07/2022', 'EuroSig', 'Po')
INSERT INTO RegjistrimiVet(kodiMarkes, idVetura, idReg, tabelatEVet, dataFillReg, dataMbarReg, emriKompanisReg, kaKartonGjelb) VALUES ('MINI', 5, 37, '07-515-XV', '02/01/2021', '01/31/2022', 'SIGKOS', 'Po')
INSERT INTO RegjistrimiVet(kodiMarkes, idVetura, idReg, tabelatEVet, dataFillReg, dataMbarReg, emriKompanisReg, kaKartonGjelb) VALUES ('NISSAN', 1, 42, '03-544-EY', '08/15/2021', '08/14/2022', 'Scardian', 'Po')
INSERT INTO RegjistrimiVet(kodiMarkes, idVetura, idReg, tabelatEVet, dataFillReg, dataMbarReg, emriKompanisReg, kaKartonGjelb) VALUES ('NISSAN', 2, 43, '05-203-RY', '07/23/2022', '07/22/2023', 'Sigal', 'Jo')
INSERT INTO RegjistrimiVet(kodiMarkes, idVetura, idReg, tabelatEVet, dataFillReg, dataMbarReg, emriKompanisReg, kaKartonGjelb) VALUES ('NISSAN', 3, 44, '08-937-XF', '02/11/2022', '02/10/2023', 'EuroSig', 'Po')
INSERT INTO RegjistrimiVet(kodiMarkes, idVetura, idReg, tabelatEVet, dataFillReg, dataMbarReg, emriKompanisReg, kaKartonGjelb) VALUES ('NISSAN', 4, 45, '06-892-DG', '12/15/2022', '12/14/2023', 'EuroSig', 'Jo')
INSERT INTO RegjistrimiVet(kodiMarkes, idVetura, idReg, tabelatEVet, dataFillReg, dataMbarReg, emriKompanisReg, kaKartonGjelb) VALUES ('NISSAN', 5, 46, '02-458-UA', '03/19/2022', '03/18/2023', 'SIGKOS', 'Jo')
INSERT INTO RegjistrimiVet(kodiMarkes, idVetura, idReg, tabelatEVet, dataFillReg, dataMbarReg, emriKompanisReg, kaKartonGjelb) VALUES ('NISSAN', 6, 47, '03-893-QE', '02/11/2022', '02/10/2023', 'SIGKOS', 'Jo')
INSERT INTO RegjistrimiVet(kodiMarkes, idVetura, idReg, tabelatEVet, dataFillReg, dataMbarReg, emriKompanisReg, kaKartonGjelb) VALUES ('TOYOTA', 1, 48, '01-858-GN', '07/01/2021', '06/30/2022', 'Sigal', 'Jo')
INSERT INTO RegjistrimiVet(kodiMarkes, idVetura, idReg, tabelatEVet, dataFillReg, dataMbarReg, emriKompanisReg, kaKartonGjelb) VALUES ('TOYOTA', 2, 49, '05-792-OZ', '11/28/2021', '11/27/2022', 'Sigal', 'Jo')
INSERT INTO RegjistrimiVet(kodiMarkes, idVetura, idReg, tabelatEVet, dataFillReg, dataMbarReg, emriKompanisReg, kaKartonGjelb) VALUES ('TOYOTA', 3, 50, '01-538-TM', '07/19/2022', '07/18/2023', 'Scardian', 'Jo')
INSERT INTO RegjistrimiVet(kodiMarkes, idVetura, idReg, tabelatEVet, dataFillReg, dataMbarReg, emriKompanisReg, kaKartonGjelb) VALUES ('TOYOTA', 4, 51, '03-906-QP', '07/04/2022', '07/03/2023', 'Dukagjini', 'Jo')
INSERT INTO RegjistrimiVet(kodiMarkes, idVetura, idReg, tabelatEVet, dataFillReg, dataMbarReg, emriKompanisReg, kaKartonGjelb) VALUES ('TOYOTA', 5, 52, '05-843-ZO', '04/14/2022', '04/13/2023', 'Scardian', 'Po')
INSERT INTO RegjistrimiVet(kodiMarkes, idVetura, idReg, tabelatEVet, dataFillReg, dataMbarReg, emriKompanisReg, kaKartonGjelb) VALUES ('TOYOTA', 6, 53, '02-403-HL', '02/28/2022', '02/27/2023', 'Dukagjini', 'Po')
INSERT INTO RegjistrimiVet(kodiMarkes, idVetura, idReg, tabelatEVet, dataFillReg, dataMbarReg, emriKompanisReg, kaKartonGjelb) VALUES ('VW', 1, 54, '07-489-KX', '12/10/2021', '12/09/2022', 'Scardian', 'Jo')
INSERT INTO RegjistrimiVet(kodiMarkes, idVetura, idReg, tabelatEVet, dataFillReg, dataMbarReg, emriKompanisReg, kaKartonGjelb) VALUES ('VW', 2, 55, '01-971-QE', '06/07/2022', '06/06/2023', 'ELSIG', 'Jo')
INSERT INTO RegjistrimiVet(kodiMarkes, idVetura, idReg, tabelatEVet, dataFillReg, dataMbarReg, emriKompanisReg, kaKartonGjelb) VALUES ('VW', 3, 56, '07-231-XQ', '11/13/2021', '11/12/2022', 'Scardian', 'Po')
INSERT INTO RegjistrimiVet(kodiMarkes, idVetura, idReg, tabelatEVet, dataFillReg, dataMbarReg, emriKompanisReg, kaKartonGjelb) VALUES ('VW', 4, 57, '03-312-YN', '09/23/2022', '09/22/2023', 'ELSIG', 'Po')
INSERT INTO RegjistrimiVet(kodiMarkes, idVetura, idReg, tabelatEVet, dataFillReg, dataMbarReg, emriKompanisReg, kaKartonGjelb) VALUES ('VW', 5, 58, '06-506-QE', '04/24/2022', '04/23/2023', 'Sigal', 'Jo')
INSERT INTO RegjistrimiVet(kodiMarkes, idVetura, idReg, tabelatEVet, dataFillReg, dataMbarReg, emriKompanisReg, kaKartonGjelb) VALUES ('VW', 6, 59, '08-728-CY', '02/16/2022', '02/15/2023', 'Sigal', 'Po')

--------------------------------------------------------------- Mbarimi i Insertimit i te dhenave per tabelen || RegjistrimiVet || ---------------------------------------------------------------

--------------------------------------------------------------- Insertimi i te dhenave per tabelen || PagesaQerasVetures || ---------------------------------------------------------------

INSERT INTO PagesaQerasVetures (idPagesa, idKlienti, dataPageses) VALUES (1, 'DL12345983', '01/06/2021') 
INSERT INTO PagesaQerasVetures (idPagesa, idKlienti, dataPageses) VALUES (2, 'DL12345677', '01/06/2021') 
INSERT INTO PagesaQerasVetures (idPagesa, idKlienti, dataPageses) VALUES (3, 'DL12345985', '01/06/2021') 
INSERT INTO PagesaQerasVetures (idPagesa, idKlienti, dataPageses) VALUES (5, 'DL12345986', '06/06/2021') 
INSERT INTO PagesaQerasVetures (idPagesa, idKlienti, dataPageses) VALUES (4, 'DL12345672', '02/01/2021') 
INSERT INTO PagesaQerasVetures (idPagesa, idKlienti, dataPageses) VALUES (6, 'DL12345983', '07/01/2021') 
INSERT INTO PagesaQerasVetures (idPagesa, idKlienti, dataPageses) VALUES (7, 'DL12345679', '08/06/2021') 
INSERT INTO PagesaQerasVetures (idPagesa, idKlienti, dataPageses) VALUES (8, 'DL12345674', '11/06/2021') 
INSERT INTO PagesaQerasVetures (idPagesa, idKlienti, dataPageses) VALUES (9, 'DL12345672', '02/06/2022') 
INSERT INTO PagesaQerasVetures (idPagesa, idKlienti, dataPageses) VALUES (10, 'DL12345985', '02/08/2022')
INSERT INTO PagesaQerasVetures (idPagesa, idKlienti, dataPageses) VALUES (11, 'DL12345981', '02/14/2022')
INSERT INTO PagesaQerasVetures (idPagesa, idKlienti, dataPageses) VALUES (12, 'DL12345985', '02/14/2022') 
INSERT INTO PagesaQerasVetures (idPagesa, idKlienti, dataPageses) VALUES (13, 'DL12345987', '02/14/2022') 
INSERT INTO PagesaQerasVetures (idPagesa, idKlienti, dataPageses) VALUES (14, 'DL12345979', '02/14/2022') 
INSERT INTO PagesaQerasVetures (idPagesa, idKlienti, dataPageses) VALUES (15, 'DL12345675', '03/14/2022') 
INSERT INTO PagesaQerasVetures (idPagesa, idKlienti, dataPageses) VALUES (16, 'DL12345985', '03/14/2022') 
INSERT INTO PagesaQerasVetures (idPagesa, idKlienti, dataPageses) VALUES (17, 'DL12345985', '03/16/2022') 
INSERT INTO PagesaQerasVetures (idPagesa, idKlienti, dataPageses) VALUES (18, 'DL12345677', '05/02/2022') 
INSERT INTO PagesaQerasVetures (idPagesa, idKlienti, dataPageses) VALUES (19, 'DL12345986', '05/14/2022') 
INSERT INTO PagesaQerasVetures (idPagesa, idKlienti, dataPageses) VALUES (20, 'DL12345673', '05/14/2022') 
INSERT INTO PagesaQerasVetures (idPagesa, idKlienti, dataPageses) VALUES (21, 'DL12345986', '05/14/2022') 
INSERT INTO PagesaQerasVetures (idPagesa, idKlienti, dataPageses) VALUES (22, 'DL12345679', '05/22/2022')
INSERT INTO PagesaQerasVetures (idPagesa, idKlienti, dataPageses) VALUES (23, 'DL12345675', '06/01/2022') 
INSERT INTO PagesaQerasVetures (idPagesa, idKlienti, dataPageses) VALUES (24, 'DL12345985', '06/06/2022') 
INSERT INTO PagesaQerasVetures (idPagesa, idKlienti, dataPageses) VALUES (25, 'DL12345982', '06/06/2022')
INSERT INTO PagesaQerasVetures (idPagesa, idKlienti, dataPageses) VALUES (26, 'DL12345672', '06/06/2022')
INSERT INTO PagesaQerasVetures (idPagesa, idKlienti, dataPageses) VALUES (27, 'DL12345983', '06/06/2022')
INSERT INTO PagesaQerasVetures (idPagesa, idKlienti, dataPageses) VALUES (28, 'DL12345675', '06/06/2022') 
INSERT INTO PagesaQerasVetures (idPagesa, idKlienti, dataPageses) VALUES (29, 'DL12345675', '06/06/2022')
INSERT INTO PagesaQerasVetures (idPagesa, idKlienti, dataPageses) VALUES (30, 'DL12345982', '06/06/2022') 
INSERT INTO PagesaQerasVetures (idPagesa, idKlienti, dataPageses) VALUES (31, 'DL12345981', '06/06/2022') 
INSERT INTO PagesaQerasVetures (idPagesa, idKlienti, dataPageses) VALUES (32, 'DL12345982', '06/06/2022') 
INSERT INTO PagesaQerasVetures (idPagesa, idKlienti, dataPageses) VALUES (33, 'DL12345673', '06/06/2022') 
INSERT INTO PagesaQerasVetures (idPagesa, idKlienti, dataPageses) VALUES (34, 'DL12345677', '06/06/2022') 
INSERT INTO PagesaQerasVetures (idPagesa, idKlienti, dataPageses) VALUES (35, 'DL12345679', '06/06/2022') 
INSERT INTO PagesaQerasVetures (idPagesa, idKlienti, dataPageses) VALUES (36, 'DL12345983', '06/12/2022') 
INSERT INTO PagesaQerasVetures (idPagesa, idKlienti, dataPageses) VALUES (37, 'DL12345983', '06/22/2022') 
INSERT INTO PagesaQerasVetures (idPagesa, idKlienti, dataPageses) VALUES (38, 'DL12345987', '07/06/2022') 
INSERT INTO PagesaQerasVetures (idPagesa, idKlienti, dataPageses) VALUES (39, 'DL12345981', '07/15/2022') 
INSERT INTO PagesaQerasVetures (idPagesa, idKlienti, dataPageses) VALUES (40, 'DL12345679', '07/22/2022') 
INSERT INTO PagesaQerasVetures (idPagesa, idKlienti, dataPageses) VALUES (41, 'DL12345677', '08/03/2022') 
INSERT INTO PagesaQerasVetures (idPagesa, idKlienti, dataPageses) VALUES (42, 'DL12345986', '08/03/2022') 
INSERT INTO PagesaQerasVetures (idPagesa, idKlienti, dataPageses) VALUES (43, 'DL12345985', '08/03/2022')
INSERT INTO PagesaQerasVetures (idPagesa, idKlienti, dataPageses) VALUES (44, 'DL12345672', '08/03/2022') 
INSERT INTO PagesaQerasVetures (idPagesa, idKlienti, dataPageses) VALUES (45, 'DL12345676', '08/03/2022') 
INSERT INTO PagesaQerasVetures (idPagesa, idKlienti, dataPageses) VALUES (46, 'DL12345979', '08/05/2022')
INSERT INTO PagesaQerasVetures (idPagesa, idKlienti, dataPageses) VALUES (47, 'DL12345677', '08/06/2022')
INSERT INTO PagesaQerasVetures (idPagesa, idKlienti, dataPageses) VALUES (48, 'DL12345982', '08/14/2022') 
INSERT INTO PagesaQerasVetures (idPagesa, idKlienti, dataPageses) VALUES (49, 'DL12345984', '09/06/2022') 
INSERT INTO PagesaQerasVetures (idPagesa, idKlienti, dataPageses) VALUES (50, 'DL12345676', '09/06/2022') 
INSERT INTO PagesaQerasVetures (idPagesa, idKlienti, dataPageses) VALUES (51, 'DL12345983', '09/06/2022') 
INSERT INTO PagesaQerasVetures (idPagesa, idKlienti, dataPageses) VALUES (52, 'DL12345982', '09/06/2022')
INSERT INTO PagesaQerasVetures (idPagesa, idKlienti, dataPageses) VALUES (53, 'DL12345672', '09/07/2022') 
INSERT INTO PagesaQerasVetures (idPagesa, idKlienti, dataPageses) VALUES (54, 'DL12345674', '09/07/2022') 
INSERT INTO PagesaQerasVetures (idPagesa, idKlienti, dataPageses) VALUES (55, 'DL12345987', '09/07/2022') 
INSERT INTO PagesaQerasVetures (idPagesa, idKlienti, dataPageses) VALUES (56, 'DL12345982', '09/14/2022') 
INSERT INTO PagesaQerasVetures (idPagesa, idKlienti, dataPageses) VALUES (57, 'DL12345979', '09/20/2022')
INSERT INTO PagesaQerasVetures (idPagesa, idKlienti, dataPageses) VALUES (58, 'DL12345979', '09/20/2022') 
INSERT INTO PagesaQerasVetures (idPagesa, idKlienti, dataPageses) VALUES (59, 'DL12345675', '11/01/2022') 
INSERT INTO PagesaQerasVetures (idPagesa, idKlienti, dataPageses) VALUES (60, 'DL12345981', '11/01/2022') 
INSERT INTO PagesaQerasVetures (idPagesa, idKlienti, dataPageses) VALUES (61, 'DL12345986', '11/01/2022') 
INSERT INTO PagesaQerasVetures (idPagesa, idKlienti, dataPageses) VALUES (63, 'DL12345979', '11/06/2022')
INSERT INTO PagesaQerasVetures (idPagesa, idKlienti, dataPageses) VALUES (62, 'DL12345981', '11/01/2022') 
INSERT INTO PagesaQerasVetures (idPagesa, idKlienti, dataPageses) VALUES (64, 'DL12345986', '11/20/2022') 
INSERT INTO PagesaQerasVetures (idPagesa, idKlienti, dataPageses) VALUES (65, 'DL12345679', '12/14/2022')
INSERT INTO PagesaQerasVetures (idPagesa, idKlienti, dataPageses) VALUES (66, 'DL12345679', '12/14/2022')
INSERT INTO PagesaQerasVetures (idPagesa, idKlienti, dataPageses) VALUES (67, 'DL12345986', '12/14/2022')
INSERT INTO PagesaQerasVetures (idPagesa, idKlienti, dataPageses) VALUES (68, 'DL12345680', '12/14/2022') 
INSERT INTO PagesaQerasVetures (idPagesa, idKlienti, dataPageses) VALUES (69, 'DL12345984', '12/14/2022') 
INSERT INTO PagesaQerasVetures (idPagesa, idKlienti, dataPageses) VALUES (70, 'DL12345680', '12/14/2022') 

--------------------------------------------------------------- Mbarimi i Insertimit i te dhenave per tabelen || PagesaQerasVetures ||  ---------------------------------------------------------------

--------------------------------------------------------------- Insertimi i te dhenave per tabelen || PranimiVeturesNgaKlienti || ---------------------------------------------------------------

INSERT INTO PranimiVeturesNgaKlienti(idPagesa,idPranimit,dataPranimit,dataPerDorezim,kodiMarkes,idVetura) VALUES (1, 1, '01/06/2021', '02/21/2021', 'VW', 2)
INSERT INTO PranimiVeturesNgaKlienti(idPagesa,idPranimit,dataPranimit,dataPerDorezim,kodiMarkes,idVetura) VALUES (2, 2, '01/06/2021', '02/08/2021', 'KIA', 3)
INSERT INTO PranimiVeturesNgaKlienti(idPagesa,idPranimit,dataPranimit,dataPerDorezim,kodiMarkes,idVetura) VALUES (3, 3, '01/06/2021', '01/14/2021', 'TOYOTA', 2)
INSERT INTO PranimiVeturesNgaKlienti(idPagesa,idPranimit,dataPranimit,dataPerDorezim,kodiMarkes,idVetura) VALUES (4, 4, '02/01/2021', '03/01/2021', 'TOYOTA', 6)
INSERT INTO PranimiVeturesNgaKlienti(idPagesa,idPranimit,dataPranimit,dataPerDorezim,kodiMarkes,idVetura) VALUES (5, 5, '06/06/2021', '07/31/2021', 'HonDA', 2)
INSERT INTO PranimiVeturesNgaKlienti(idPagesa,idPranimit,dataPranimit,dataPerDorezim,kodiMarkes,idVetura) VALUES (6, 6, '07/01/2021', '07/13/2021', 'AUDI', 3)
INSERT INTO PranimiVeturesNgaKlienti(idPagesa,idPranimit,dataPranimit,dataPerDorezim,kodiMarkes,idVetura) VALUES (7, 7, '08/06/2021', '08/20/2021', 'TOYOTA', 2)
INSERT INTO PranimiVeturesNgaKlienti(idPagesa,idPranimit,dataPranimit,dataPerDorezim,kodiMarkes,idVetura) VALUES (8, 8, '11/06/2021', '11/25/2021', 'AUDI', 3)
INSERT INTO PranimiVeturesNgaKlienti(idPagesa,idPranimit,dataPranimit,dataPerDorezim,kodiMarkes,idVetura) VALUES (9, 9, '02/06/2022', '04/09/2022', 'BMW', 2)
INSERT INTO PranimiVeturesNgaKlienti(idPagesa,idPranimit,dataPranimit,dataPerDorezim,kodiMarkes,idVetura) VALUES (10, 10, '02/08/2022', '04/10/2022', 'MINI', 3)
INSERT INTO PranimiVeturesNgaKlienti(idPagesa,idPranimit,dataPranimit,dataPerDorezim,kodiMarkes,idVetura) VALUES (11, 11, '02/14/2022', '02/26/2022', 'FORD', 1)
INSERT INTO PranimiVeturesNgaKlienti(idPagesa,idPranimit,dataPranimit,dataPerDorezim,kodiMarkes,idVetura) VALUES (12, 12, '02/14/2022', '03/07/2022', 'MAZDA', 1)
INSERT INTO PranimiVeturesNgaKlienti(idPagesa,idPranimit,dataPranimit,dataPerDorezim,kodiMarkes,idVetura) VALUES (13, 13, '02/14/2022', '04/20/2022', 'HonDA', 2)
INSERT INTO PranimiVeturesNgaKlienti(idPagesa,idPranimit,dataPranimit,dataPerDorezim,kodiMarkes,idVetura) VALUES (14, 14, '02/14/2022', '04/03/2022', 'MAZDA', 2)
INSERT INTO PranimiVeturesNgaKlienti(idPagesa,idPranimit,dataPranimit,dataPerDorezim,kodiMarkes,idVetura) VALUES (15, 15, '03/14/2022', '03/26/2022', 'NISSAN', 3)
INSERT INTO PranimiVeturesNgaKlienti(idPagesa,idPranimit,dataPranimit,dataPerDorezim,kodiMarkes,idVetura) VALUES (16, 16, '03/14/2022', '05/05/2022', 'FORD', 2)
INSERT INTO PranimiVeturesNgaKlienti(idPagesa,idPranimit,dataPranimit,dataPerDorezim,kodiMarkes,idVetura) VALUES (17, 17, '03/16/2022', '04/13/2022', 'BMW', 3)
INSERT INTO PranimiVeturesNgaKlienti(idPagesa,idPranimit,dataPranimit,dataPerDorezim,kodiMarkes,idVetura) VALUES (18, 18, '05/02/2022', '06/23/2022', 'JAGUAR', 1)
INSERT INTO PranimiVeturesNgaKlienti(idPagesa,idPranimit,dataPranimit,dataPerDorezim,kodiMarkes,idVetura) VALUES (19, 19, '05/14/2022', '06/26/2022', 'BMW', 2)
INSERT INTO PranimiVeturesNgaKlienti(idPagesa,idPranimit,dataPranimit,dataPerDorezim,kodiMarkes,idVetura) VALUES (20, 20, '05/14/2022', '05/22/2022', 'FORD', 2)
INSERT INTO PranimiVeturesNgaKlienti(idPagesa,idPranimit,dataPranimit,dataPerDorezim,kodiMarkes,idVetura) VALUES (21, 21, '05/14/2022', '05/19/2022', 'MINI', 5)
INSERT INTO PranimiVeturesNgaKlienti(idPagesa,idPranimit,dataPranimit,dataPerDorezim,kodiMarkes,idVetura) VALUES (22, 22, '05/22/2022', '06/28/2022', 'MINI', 2)
INSERT INTO PranimiVeturesNgaKlienti(idPagesa,idPranimit,dataPranimit,dataPerDorezim,kodiMarkes,idVetura) VALUES (23, 23, '06/01/2022', '08/05/2022', 'VW', 1)
INSERT INTO PranimiVeturesNgaKlienti(idPagesa,idPranimit,dataPranimit,dataPerDorezim,kodiMarkes,idVetura) VALUES (24, 24, '06/06/2022', '06/29/2022', 'BMW', 2)
INSERT INTO PranimiVeturesNgaKlienti(idPagesa,idPranimit,dataPranimit,dataPerDorezim,kodiMarkes,idVetura) VALUES (25, 25, '06/06/2022', '06/12/2022', 'MINI', 3)
INSERT INTO PranimiVeturesNgaKlienti(idPagesa,idPranimit,dataPranimit,dataPerDorezim,kodiMarkes,idVetura) VALUES (26, 26, '06/06/2022', '07/17/2022', 'JAGUAR', 2)
INSERT INTO PranimiVeturesNgaKlienti(idPagesa,idPranimit,dataPranimit,dataPerDorezim,kodiMarkes,idVetura) VALUES (27, 27, '06/06/2022', '06/16/2022', 'BENZ', 2)
INSERT INTO PranimiVeturesNgaKlienti(idPagesa,idPranimit,dataPranimit,dataPerDorezim,kodiMarkes,idVetura) VALUES (28, 28, '06/06/2022', '07/18/2022', 'BENZ', 2)
INSERT INTO PranimiVeturesNgaKlienti(idPagesa,idPranimit,dataPranimit,dataPerDorezim,kodiMarkes,idVetura) VALUES (29, 29, '06/06/2022', '07/10/2022', 'TOYOTA', 6)
INSERT INTO PranimiVeturesNgaKlienti(idPagesa,idPranimit,dataPranimit,dataPerDorezim,kodiMarkes,idVetura) VALUES (30, 30, '06/06/2022', '07/15/2022', 'TOYOTA', 6)
INSERT INTO PranimiVeturesNgaKlienti(idPagesa,idPranimit,dataPranimit,dataPerDorezim,kodiMarkes,idVetura) VALUES (31, 31, '06/06/2022', '06/20/2022', 'MINI', 5)
INSERT INTO PranimiVeturesNgaKlienti(idPagesa,idPranimit,dataPranimit,dataPerDorezim,kodiMarkes,idVetura) VALUES (32, 32, '06/06/2022', '06/18/2022', 'TOYOTA', 6)
INSERT INTO PranimiVeturesNgaKlienti(idPagesa,idPranimit,dataPranimit,dataPerDorezim,kodiMarkes,idVetura) VALUES (33, 33, '06/06/2022', '08/05/2022', 'MAZDA', 2)
INSERT INTO PranimiVeturesNgaKlienti(idPagesa,idPranimit,dataPranimit,dataPerDorezim,kodiMarkes,idVetura) VALUES (34, 34, '06/06/2022', '06/09/2022', 'TOYOTA', 5)
INSERT INTO PranimiVeturesNgaKlienti(idPagesa,idPranimit,dataPranimit,dataPerDorezim,kodiMarkes,idVetura) VALUES (35, 35, '06/06/2022', '08/03/2022', 'FORD', 3)
INSERT INTO PranimiVeturesNgaKlienti(idPagesa,idPranimit,dataPranimit,dataPerDorezim,kodiMarkes,idVetura) VALUES (36, 36, '06/12/2022', '08/20/2022', 'MINI', 5)
INSERT INTO PranimiVeturesNgaKlienti(idPagesa,idPranimit,dataPranimit,dataPerDorezim,kodiMarkes,idVetura) VALUES (37, 37, '06/22/2022', '08/17/2022', 'JAGUAR', 3)
INSERT INTO PranimiVeturesNgaKlienti(idPagesa,idPranimit,dataPranimit,dataPerDorezim,kodiMarkes,idVetura) VALUES (38, 38, '07/06/2022', '08/21/2022', 'VW', 2)
INSERT INTO PranimiVeturesNgaKlienti(idPagesa,idPranimit,dataPranimit,dataPerDorezim,kodiMarkes,idVetura) VALUES (39, 39, '07/15/2022', '09/20/2022', 'LEXUS', 2)
INSERT INTO PranimiVeturesNgaKlienti(idPagesa,idPranimit,dataPranimit,dataPerDorezim,kodiMarkes,idVetura) VALUES (40, 40, '07/22/2022', '08/17/2022', 'NISSAN', 2)
INSERT INTO PranimiVeturesNgaKlienti(idPagesa,idPranimit,dataPranimit,dataPerDorezim,kodiMarkes,idVetura) VALUES (41, 41, '08/03/2022', '08/11/2022', 'FORD', 2)
INSERT INTO PranimiVeturesNgaKlienti(idPagesa,idPranimit,dataPranimit,dataPerDorezim,kodiMarkes,idVetura) VALUES (42, 42, '08/03/2022', '08/06/2022', 'NISSAN', 3)
INSERT INTO PranimiVeturesNgaKlienti(idPagesa,idPranimit,dataPranimit,dataPerDorezim,kodiMarkes,idVetura) VALUES (43, 43, '08/03/2022', '09/15/2022', 'FORD', 3)
INSERT INTO PranimiVeturesNgaKlienti(idPagesa,idPranimit,dataPranimit,dataPerDorezim,kodiMarkes,idVetura) VALUES (44, 44, '08/03/2022', '08/26/2022', 'FORD', 2)
INSERT INTO PranimiVeturesNgaKlienti(idPagesa,idPranimit,dataPranimit,dataPerDorezim,kodiMarkes,idVetura) VALUES (45, 45, '08/03/2022', '09/06/2022', 'VW', 5)
INSERT INTO PranimiVeturesNgaKlienti(idPagesa,idPranimit,dataPranimit,dataPerDorezim,kodiMarkes,idVetura) VALUES (46, 46, '08/05/2022', '09/21/2022', 'LEXUS', 2)
INSERT INTO PranimiVeturesNgaKlienti(idPagesa,idPranimit,dataPranimit,dataPerDorezim,kodiMarkes,idVetura) VALUES (47, 47, '08/06/2022', '10/11/2022', 'HonDA', 1)
INSERT INTO PranimiVeturesNgaKlienti(idPagesa,idPranimit,dataPranimit,dataPerDorezim,kodiMarkes,idVetura) VALUES (48, 48, '08/14/2022', '10/16/2022', 'NISSAN', 1)
INSERT INTO PranimiVeturesNgaKlienti(idPagesa,idPranimit,dataPranimit,dataPerDorezim,kodiMarkes,idVetura) VALUES (49, 49, '09/06/2022', '09/18/2022', 'VW', 4)
INSERT INTO PranimiVeturesNgaKlienti(idPagesa,idPranimit,dataPranimit,dataPerDorezim,kodiMarkes,idVetura) VALUES (50, 50, '09/06/2022', '10/10/2022', 'MINI', 4)
INSERT INTO PranimiVeturesNgaKlienti(idPagesa,idPranimit,dataPranimit,dataPerDorezim,kodiMarkes,idVetura) VALUES (51, 51, '09/06/2022', '10/29/2022', 'HYUNDAI', 1)
INSERT INTO PranimiVeturesNgaKlienti(idPagesa,idPranimit,dataPranimit,dataPerDorezim,kodiMarkes,idVetura) VALUES (52, 52, '09/06/2022', '10/28/2022', 'LEXUS', 1)
INSERT INTO PranimiVeturesNgaKlienti(idPagesa,idPranimit,dataPranimit,dataPerDorezim,kodiMarkes,idVetura) VALUES (53, 53, '09/07/2022', '10/23/2022', 'VW', 4)
INSERT INTO PranimiVeturesNgaKlienti(idPagesa,idPranimit,dataPranimit,dataPerDorezim,kodiMarkes,idVetura) VALUES (54, 54, '09/07/2022', '10/31/2022', 'FORD', 2)
INSERT INTO PranimiVeturesNgaKlienti(idPagesa,idPranimit,dataPranimit,dataPerDorezim,kodiMarkes,idVetura) VALUES (55, 55, '09/07/2022', '10/20/2022', 'HonDA', 1)
INSERT INTO PranimiVeturesNgaKlienti(idPagesa,idPranimit,dataPranimit,dataPerDorezim,kodiMarkes,idVetura) VALUES (56, 56, '09/14/2022', '09/29/2022', 'BMW', 3)
INSERT INTO PranimiVeturesNgaKlienti(idPagesa,idPranimit,dataPranimit,dataPerDorezim,kodiMarkes,idVetura) VALUES (57, 57, '09/20/2022', '11/01/2022', 'FORD', 2)
INSERT INTO PranimiVeturesNgaKlienti(idPagesa,idPranimit,dataPranimit,dataPerDorezim,kodiMarkes,idVetura) VALUES (58, 58, '09/20/2022', '10/10/2022', 'FORD', 3)
INSERT INTO PranimiVeturesNgaKlienti(idPagesa,idPranimit,dataPranimit,dataPerDorezim,kodiMarkes,idVetura) VALUES (59, 59, '11/01/2022', '01/07/2023', 'MINI', 5)
INSERT INTO PranimiVeturesNgaKlienti(idPagesa,idPranimit,dataPranimit,dataPerDorezim,kodiMarkes,idVetura) VALUES (60, 60, '11/01/2022', '11/08/2022', 'MAZDA', 2)
INSERT INTO PranimiVeturesNgaKlienti(idPagesa,idPranimit,dataPranimit,dataPerDorezim,kodiMarkes,idVetura) VALUES (61, 61, '11/01/2022', '01/05/2023', 'MINI', 2)
INSERT INTO PranimiVeturesNgaKlienti(idPagesa,idPranimit,dataPranimit,dataPerDorezim,kodiMarkes,idVetura) VALUES (62, 62, '11/01/2022', '11/19/2022', 'TOYOTA', 3)
INSERT INTO PranimiVeturesNgaKlienti(idPagesa,idPranimit,dataPranimit,dataPerDorezim,kodiMarkes,idVetura) VALUES (63, 63, '11/06/2022', '01/05/2023', 'MAZDA', 1)
INSERT INTO PranimiVeturesNgaKlienti(idPagesa,idPranimit,dataPranimit,dataPerDorezim,kodiMarkes,idVetura) VALUES (64, 64, '11/20/2022', '12/02/2022', 'VW', 1)
INSERT INTO PranimiVeturesNgaKlienti(idPagesa,idPranimit,dataPranimit,dataPerDorezim,kodiMarkes,idVetura) VALUES (65, 65, '12/14/2022', '01/21/2023', 'HonDA', 1)
INSERT INTO PranimiVeturesNgaKlienti(idPagesa,idPranimit,dataPranimit,dataPerDorezim,kodiMarkes,idVetura) VALUES (66, 66, '12/14/2022', '02/13/2023', 'KIA', 2)
INSERT INTO PranimiVeturesNgaKlienti(idPagesa,idPranimit,dataPranimit,dataPerDorezim,kodiMarkes,idVetura) VALUES (67, 67, '12/14/2022', '01/08/2023', 'FORD', 3)
INSERT INTO PranimiVeturesNgaKlienti(idPagesa,idPranimit,dataPranimit,dataPerDorezim,kodiMarkes,idVetura) VALUES (68, 68, '12/14/2022', '02/08/2023', 'MINI', 5)
INSERT INTO PranimiVeturesNgaKlienti(idPagesa,idPranimit,dataPranimit,dataPerDorezim,kodiMarkes,idVetura) VALUES (69, 69, '12/14/2022', '01/08/2023', 'TOYOTA', 1)
INSERT INTO PranimiVeturesNgaKlienti(idPagesa,idPranimit,dataPranimit,dataPerDorezim,kodiMarkes,idVetura) VALUES (70, 70, '12/14/2022', '01/28/2023', 'LEXUS', 3)

--------------------------------------------------------------- Mbarimi i Insertimit i te dhenave per tabelen || PranimiVeturesNgaKlienti || ---------------------------------------------------------------

--------------------------------------------------------------- Insertimi i te dhenave per tabelen || EvidentimiPranimit || ---------------------------------------------------------------

INSERT INTO EvidentimiPranimit (idPranimit,nrPatentSHF) VALUES (1, 'DL12345983')
INSERT INTO EvidentimiPranimit (idPranimit,nrPatentSHF) VALUES (2, 'DL12345677')
INSERT INTO EvidentimiPranimit (idPranimit,nrPatentSHF) VALUES (3, 'DL12345985')
INSERT INTO EvidentimiPranimit (idPranimit,nrPatentSHF) VALUES (4, 'DL12345986')
INSERT INTO EvidentimiPranimit (idPranimit,nrPatentSHF) VALUES (5, 'DL12345672')
INSERT INTO EvidentimiPranimit (idPranimit,nrPatentSHF) VALUES (6, 'DL12345983')
INSERT INTO EvidentimiPranimit (idPranimit,nrPatentSHF) VALUES (7, 'DL12345679')
INSERT INTO EvidentimiPranimit (idPranimit,nrPatentSHF) VALUES (8, 'DL12345674')
INSERT INTO EvidentimiPranimit (idPranimit,nrPatentSHF) VALUES (9, 'DL12345672')
INSERT INTO EvidentimiPranimit (idPranimit,nrPatentSHF) VALUES (10, 'DL12345985')
INSERT INTO EvidentimiPranimit (idPranimit,nrPatentSHF) VALUES (11, 'DL12345981')
INSERT INTO EvidentimiPranimit (idPranimit,nrPatentSHF) VALUES (12, 'DL12345985')
INSERT INTO EvidentimiPranimit (idPranimit,nrPatentSHF) VALUES (13, 'DL12345987')
INSERT INTO EvidentimiPranimit (idPranimit,nrPatentSHF) VALUES (14, 'DL12345979')
INSERT INTO EvidentimiPranimit (idPranimit,nrPatentSHF) VALUES (15, 'DL12345675')
INSERT INTO EvidentimiPranimit (idPranimit,nrPatentSHF) VALUES (16, 'DL12345985')
INSERT INTO EvidentimiPranimit (idPranimit,nrPatentSHF) VALUES (17, 'DL12345985')
INSERT INTO EvidentimiPranimit (idPranimit,nrPatentSHF) VALUES (18, 'DL12345677')
INSERT INTO EvidentimiPranimit (idPranimit,nrPatentSHF) VALUES (19, 'DL12345986')
INSERT INTO EvidentimiPranimit (idPranimit,nrPatentSHF) VALUES (20, 'DL12345673')
INSERT INTO EvidentimiPranimit (idPranimit,nrPatentSHF) VALUES (21, 'DL12345986')
INSERT INTO EvidentimiPranimit (idPranimit,nrPatentSHF) VALUES (22, 'DL12345679')
INSERT INTO EvidentimiPranimit (idPranimit,nrPatentSHF) VALUES (23, 'DL12345675')
INSERT INTO EvidentimiPranimit (idPranimit,nrPatentSHF) VALUES (24, 'DL12345985')
INSERT INTO EvidentimiPranimit (idPranimit,nrPatentSHF) VALUES (25, 'DL12345982')
INSERT INTO EvidentimiPranimit (idPranimit,nrPatentSHF) VALUES (26, 'DL12345672')
INSERT INTO EvidentimiPranimit (idPranimit,nrPatentSHF) VALUES (27, 'DL12345983')
INSERT INTO EvidentimiPranimit (idPranimit,nrPatentSHF) VALUES (28, 'DL12345675')
INSERT INTO EvidentimiPranimit (idPranimit,nrPatentSHF) VALUES (29, 'DL12345675')
INSERT INTO EvidentimiPranimit (idPranimit,nrPatentSHF) VALUES (30, 'DL12345982')
INSERT INTO EvidentimiPranimit (idPranimit,nrPatentSHF) VALUES (31, 'DL12345981')
INSERT INTO EvidentimiPranimit (idPranimit,nrPatentSHF) VALUES (32, 'DL12345982')
INSERT INTO EvidentimiPranimit (idPranimit,nrPatentSHF) VALUES (33, 'DL12345673')
INSERT INTO EvidentimiPranimit (idPranimit,nrPatentSHF) VALUES (34, 'DL12345677')
INSERT INTO EvidentimiPranimit (idPranimit,nrPatentSHF) VALUES (35, 'DL12345679')
INSERT INTO EvidentimiPranimit (idPranimit,nrPatentSHF) VALUES (36, 'DL12345983')
INSERT INTO EvidentimiPranimit (idPranimit,nrPatentSHF) VALUES (37, 'DL12345983')
INSERT INTO EvidentimiPranimit (idPranimit,nrPatentSHF) VALUES (38, 'DL12345987')
INSERT INTO EvidentimiPranimit (idPranimit,nrPatentSHF) VALUES (39, 'DL12345981')
INSERT INTO EvidentimiPranimit (idPranimit,nrPatentSHF) VALUES (40, 'DL12345679')
INSERT INTO EvidentimiPranimit (idPranimit,nrPatentSHF) VALUES (41, 'DL12345677')
INSERT INTO EvidentimiPranimit (idPranimit,nrPatentSHF) VALUES (42, 'DL12345986')
INSERT INTO EvidentimiPranimit (idPranimit,nrPatentSHF) VALUES (43, 'DL12345985')
INSERT INTO EvidentimiPranimit (idPranimit,nrPatentSHF) VALUES (44, 'DL12345672')
INSERT INTO EvidentimiPranimit (idPranimit,nrPatentSHF) VALUES (45, 'DL12345676')
INSERT INTO EvidentimiPranimit (idPranimit,nrPatentSHF) VALUES (46, 'DL12345979')
INSERT INTO EvidentimiPranimit (idPranimit,nrPatentSHF) VALUES (47, 'DL12345677')
INSERT INTO EvidentimiPranimit (idPranimit,nrPatentSHF) VALUES (48, 'DL12345982')
INSERT INTO EvidentimiPranimit (idPranimit,nrPatentSHF) VALUES (49, 'DL12345984')
INSERT INTO EvidentimiPranimit (idPranimit,nrPatentSHF) VALUES (50, 'DL12345676')
INSERT INTO EvidentimiPranimit (idPranimit,nrPatentSHF) VALUES (51, 'DL12345983')
INSERT INTO EvidentimiPranimit (idPranimit,nrPatentSHF) VALUES (52, 'DL12345982')
INSERT INTO EvidentimiPranimit (idPranimit,nrPatentSHF) VALUES (53, 'DL12345672')
INSERT INTO EvidentimiPranimit (idPranimit,nrPatentSHF) VALUES (54, 'DL12345674')
INSERT INTO EvidentimiPranimit (idPranimit,nrPatentSHF) VALUES (55, 'DL12345987')
INSERT INTO EvidentimiPranimit (idPranimit,nrPatentSHF) VALUES (56, 'DL12345982')
INSERT INTO EvidentimiPranimit (idPranimit,nrPatentSHF) VALUES (57, 'DL12345979')
INSERT INTO EvidentimiPranimit (idPranimit,nrPatentSHF) VALUES (58, 'DL12345979')
INSERT INTO EvidentimiPranimit (idPranimit,nrPatentSHF) VALUES (59, 'DL12345675')
INSERT INTO EvidentimiPranimit (idPranimit,nrPatentSHF) VALUES (60, 'DL12345981')
INSERT INTO EvidentimiPranimit (idPranimit,nrPatentSHF) VALUES (61, 'DL12345986')
INSERT INTO EvidentimiPranimit (idPranimit,nrPatentSHF) VALUES (62, 'DL12345979')
INSERT INTO EvidentimiPranimit (idPranimit,nrPatentSHF) VALUES (63, 'DL12345981')
INSERT INTO EvidentimiPranimit (idPranimit,nrPatentSHF) VALUES (64, 'DL12345986')
INSERT INTO EvidentimiPranimit (idPranimit,nrPatentSHF) VALUES (65, 'DL12345679')
INSERT INTO EvidentimiPranimit (idPranimit,nrPatentSHF) VALUES (66, 'DL12345679')
INSERT INTO EvidentimiPranimit (idPranimit,nrPatentSHF) VALUES (67, 'DL12345986')
INSERT INTO EvidentimiPranimit (idPranimit,nrPatentSHF) VALUES (68, 'DL12345680')
INSERT INTO EvidentimiPranimit (idPranimit,nrPatentSHF) VALUES (69, 'DL12345984')
INSERT INTO EvidentimiPranimit (idPranimit,nrPatentSHF) VALUES (70, 'DL12345680')

--------------------------------------------------------------- Mbarimi i Insertimit i te dhenave per tabelen || EvidentimiPranimit || ---------------------------------------------------------------

--------------------------------------------------------------- Insertimi i te dhenave per tabelen || DorezimiVeturesNgaKlienti || ---------------------------------------------------------------

INSERT INTO DorezimiVeturesNgaKlienti (nrDorezimit,idPranimit,idKlienti,dataDorezimit) VALUES (1, 3, 'DL12345985', '01/14/2021')
INSERT INTO DorezimiVeturesNgaKlienti (nrDorezimit,idPranimit,idKlienti,dataDorezimit) VALUES (2, 2, 'DL12345677', '02/08/2021')
INSERT INTO DorezimiVeturesNgaKlienti (nrDorezimit,idPranimit,idKlienti,dataDorezimit) VALUES (3, 1, 'DL12345983', '02/21/2021')
INSERT INTO DorezimiVeturesNgaKlienti (nrDorezimit,idPranimit,idKlienti,dataDorezimit) VALUES (4, 4, 'DL12345672', '03/01/2021')
INSERT INTO DorezimiVeturesNgaKlienti (nrDorezimit,idPranimit,idKlienti,dataDorezimit) VALUES (5, 6, 'DL12345983', '07/13/2021')
INSERT INTO DorezimiVeturesNgaKlienti (nrDorezimit,idPranimit,idKlienti,dataDorezimit) VALUES (6, 5, 'DL12345986', '07/31/2021')
INSERT INTO DorezimiVeturesNgaKlienti (nrDorezimit,idPranimit,idKlienti,dataDorezimit) VALUES (7, 7, 'DL12345679', '08/20/2021')
INSERT INTO DorezimiVeturesNgaKlienti (nrDorezimit,idPranimit,idKlienti,dataDorezimit) VALUES (8, 8, 'DL12345674', '11/25/2021')
INSERT INTO DorezimiVeturesNgaKlienti (nrDorezimit,idPranimit,idKlienti,dataDorezimit) VALUES (9, 11, 'DL12345981', '02/26/2022')
INSERT INTO DorezimiVeturesNgaKlienti (nrDorezimit,idPranimit,idKlienti,dataDorezimit) VALUES (10, 12,'DL12345985', '03/07/2022')
INSERT INTO DorezimiVeturesNgaKlienti (nrDorezimit,idPranimit,idKlienti,dataDorezimit) VALUES (11, 15,'DL12345675', '03/26/2022')
INSERT INTO DorezimiVeturesNgaKlienti (nrDorezimit,idPranimit,idKlienti,dataDorezimit) VALUES (12, 14,'DL12345979', '04/03/2022')
INSERT INTO DorezimiVeturesNgaKlienti (nrDorezimit,idPranimit,idKlienti,dataDorezimit) VALUES (13, 9,'DL12345672', '04/09/2022')
INSERT INTO DorezimiVeturesNgaKlienti (nrDorezimit,idPranimit,idKlienti,dataDorezimit) VALUES (14, 10,'DL12345985', '04/10/2022')
INSERT INTO DorezimiVeturesNgaKlienti (nrDorezimit,idPranimit,idKlienti,dataDorezimit) VALUES (15, 17,'DL12345985', '04/13/2022')
INSERT INTO DorezimiVeturesNgaKlienti (nrDorezimit,idPranimit,idKlienti,dataDorezimit) VALUES (16, 13,'DL12345987', '04/20/2022')
INSERT INTO DorezimiVeturesNgaKlienti (nrDorezimit,idPranimit,idKlienti,dataDorezimit) VALUES (17, 16,'DL12345985', '05/05/2022')
INSERT INTO DorezimiVeturesNgaKlienti (nrDorezimit,idPranimit,idKlienti,dataDorezimit) VALUES (18, 21,'DL12345986', '05/19/2022')
INSERT INTO DorezimiVeturesNgaKlienti (nrDorezimit,idPranimit,idKlienti,dataDorezimit) VALUES (19, 20,'DL12345673', '05/22/2022')
INSERT INTO DorezimiVeturesNgaKlienti (nrDorezimit,idPranimit,idKlienti,dataDorezimit) VALUES (20, 34,'DL12345677', '06/09/2022')
INSERT INTO DorezimiVeturesNgaKlienti (nrDorezimit,idPranimit,idKlienti,dataDorezimit) VALUES (21, 25,'DL12345982', '06/12/2022')
INSERT INTO DorezimiVeturesNgaKlienti (nrDorezimit,idPranimit,idKlienti,dataDorezimit) VALUES (22, 27,'DL12345983', '06/16/2022')
INSERT INTO DorezimiVeturesNgaKlienti (nrDorezimit,idPranimit,idKlienti,dataDorezimit) VALUES (23, 32,'DL12345982', '06/18/2022')
INSERT INTO DorezimiVeturesNgaKlienti (nrDorezimit,idPranimit,idKlienti,dataDorezimit) VALUES (24, 31,'DL12345981', '06/20/2022')
INSERT INTO DorezimiVeturesNgaKlienti (nrDorezimit,idPranimit,idKlienti,dataDorezimit) VALUES (25, 18,'DL12345677', '06/23/2022')
INSERT INTO DorezimiVeturesNgaKlienti (nrDorezimit,idPranimit,idKlienti,dataDorezimit) VALUES (26, 19,'DL12345986', '06/26/2022')
INSERT INTO DorezimiVeturesNgaKlienti (nrDorezimit,idPranimit,idKlienti,dataDorezimit) VALUES (27, 22,'DL12345679', '06/28/2022')
INSERT INTO DorezimiVeturesNgaKlienti (nrDorezimit,idPranimit,idKlienti,dataDorezimit) VALUES (28, 24,'DL12345985', '06/29/2022')
INSERT INTO DorezimiVeturesNgaKlienti (nrDorezimit,idPranimit,idKlienti,dataDorezimit) VALUES (29, 29,'DL12345675', '07/10/2022')
INSERT INTO DorezimiVeturesNgaKlienti (nrDorezimit,idPranimit,idKlienti,dataDorezimit) VALUES (30, 30,'DL12345982', '07/15/2022')
INSERT INTO DorezimiVeturesNgaKlienti (nrDorezimit,idPranimit,idKlienti,dataDorezimit) VALUES (31, 26,'DL12345672', '07/17/2022')
INSERT INTO DorezimiVeturesNgaKlienti (nrDorezimit,idPranimit,idKlienti,dataDorezimit) VALUES (32, 28,'DL12345675', '07/18/2022')
INSERT INTO DorezimiVeturesNgaKlienti (nrDorezimit,idPranimit,idKlienti,dataDorezimit) VALUES (33, 35,'DL12345679', '08/03/2022')
INSERT INTO DorezimiVeturesNgaKlienti (nrDorezimit,idPranimit,idKlienti,dataDorezimit) VALUES (34, 33,'DL12345673', '08/05/2022')
INSERT INTO DorezimiVeturesNgaKlienti (nrDorezimit,idPranimit,idKlienti,dataDorezimit) VALUES (35, 23,'DL12345675', '08/05/2022')
INSERT INTO DorezimiVeturesNgaKlienti (nrDorezimit,idPranimit,idKlienti,dataDorezimit) VALUES (36, 42,'DL12345986', '08/06/2022')
INSERT INTO DorezimiVeturesNgaKlienti (nrDorezimit,idPranimit,idKlienti,dataDorezimit) VALUES (37, 41,'DL12345677', '08/11/2022')
INSERT INTO DorezimiVeturesNgaKlienti (nrDorezimit,idPranimit,idKlienti,dataDorezimit) VALUES (38, 40,'DL12345679', '08/17/2022')
INSERT INTO DorezimiVeturesNgaKlienti (nrDorezimit,idPranimit,idKlienti,dataDorezimit) VALUES (39, 37,'DL12345983', '08/17/2022')
INSERT INTO DorezimiVeturesNgaKlienti (nrDorezimit,idPranimit,idKlienti,dataDorezimit) VALUES (40, 36,'DL12345983', '08/20/2022')
INSERT INTO DorezimiVeturesNgaKlienti (nrDorezimit,idPranimit,idKlienti,dataDorezimit) VALUES (41, 38,'DL12345987', '08/21/2022')
INSERT INTO DorezimiVeturesNgaKlienti (nrDorezimit,idPranimit,idKlienti,dataDorezimit) VALUES (42, 44,'DL12345672', '08/26/2022')
INSERT INTO DorezimiVeturesNgaKlienti (nrDorezimit,idPranimit,idKlienti,dataDorezimit) VALUES (43, 45,'DL12345676', '09/06/2022')
INSERT INTO DorezimiVeturesNgaKlienti (nrDorezimit,idPranimit,idKlienti,dataDorezimit) VALUES (44, 43,'DL12345985', '09/15/2022')
INSERT INTO DorezimiVeturesNgaKlienti (nrDorezimit,idPranimit,idKlienti,dataDorezimit) VALUES (45, 49,'DL12345984', '09/18/2022')
INSERT INTO DorezimiVeturesNgaKlienti (nrDorezimit,idPranimit,idKlienti,dataDorezimit) VALUES (46, 39,'DL12345981', '09/20/2022')
INSERT INTO DorezimiVeturesNgaKlienti (nrDorezimit,idPranimit,idKlienti,dataDorezimit) VALUES (47, 46,'DL12345979', '09/21/2022')
INSERT INTO DorezimiVeturesNgaKlienti (nrDorezimit,idPranimit,idKlienti,dataDorezimit) VALUES (48, 56,'DL12345982', '09/29/2022')
INSERT INTO DorezimiVeturesNgaKlienti (nrDorezimit,idPranimit,idKlienti,dataDorezimit) VALUES (49, 50,'DL12345676', '10/10/2022')
INSERT INTO DorezimiVeturesNgaKlienti (nrDorezimit,idPranimit,idKlienti,dataDorezimit) VALUES (50, 58,'DL12345979', '10/10/2022')
INSERT INTO DorezimiVeturesNgaKlienti (nrDorezimit,idPranimit,idKlienti,dataDorezimit) VALUES (51, 47,'DL12345677', '10/11/2022')
INSERT INTO DorezimiVeturesNgaKlienti (nrDorezimit,idPranimit,idKlienti,dataDorezimit) VALUES (52, 48,'DL12345982', '10/16/2022')
INSERT INTO DorezimiVeturesNgaKlienti (nrDorezimit,idPranimit,idKlienti,dataDorezimit) VALUES (53, 55,'DL12345987', '10/20/2022')
INSERT INTO DorezimiVeturesNgaKlienti (nrDorezimit,idPranimit,idKlienti,dataDorezimit) VALUES (54, 53,'DL12345672', '10/23/2022')
INSERT INTO DorezimiVeturesNgaKlienti (nrDorezimit,idPranimit,idKlienti,dataDorezimit) VALUES (55, 52,'DL12345982', '10/28/2022')
INSERT INTO DorezimiVeturesNgaKlienti (nrDorezimit,idPranimit,idKlienti,dataDorezimit) VALUES (56, 51,'DL12345983', '10/29/2022')
INSERT INTO DorezimiVeturesNgaKlienti (nrDorezimit,idPranimit,idKlienti,dataDorezimit) VALUES (57, 54,'DL12345674', '10/31/2022')
INSERT INTO DorezimiVeturesNgaKlienti (nrDorezimit,idPranimit,idKlienti,dataDorezimit) VALUES (58, 57,'DL12345979', '11/01/2022')
INSERT INTO DorezimiVeturesNgaKlienti (nrDorezimit,idPranimit,idKlienti,dataDorezimit) VALUES (59, 60,'DL12345981', '11/08/2022')
INSERT INTO DorezimiVeturesNgaKlienti (nrDorezimit,idPranimit,idKlienti,dataDorezimit) VALUES (60, 62,'DL12345979', '11/19/2022')
INSERT INTO DorezimiVeturesNgaKlienti (nrDorezimit,idPranimit,idKlienti,dataDorezimit) VALUES (61, 64,'DL12345981', '12/02/2022')
INSERT INTO DorezimiVeturesNgaKlienti (nrDorezimit,idPranimit,idKlienti,dataDorezimit) VALUES (62, 61,'DL12345986', '01/05/2023')
INSERT INTO DorezimiVeturesNgaKlienti (nrDorezimit,idPranimit,idKlienti,dataDorezimit) VALUES (63, 63,'DL12345986', '01/05/2023')
INSERT INTO DorezimiVeturesNgaKlienti (nrDorezimit,idPranimit,idKlienti,dataDorezimit) VALUES (64, 59,'DL12345675', '01/07/2023')
INSERT INTO DorezimiVeturesNgaKlienti (nrDorezimit,idPranimit,idKlienti,dataDorezimit) VALUES (65, 67,'DL12345986', '01/08/2023')
INSERT INTO DorezimiVeturesNgaKlienti (nrDorezimit,idPranimit,idKlienti,dataDorezimit) VALUES (66, 69,'DL12345984', '01/08/2023')
INSERT INTO DorezimiVeturesNgaKlienti (nrDorezimit,idPranimit,idKlienti,dataDorezimit) VALUES (67, 65,'DL12345679', '01/21/2023')
INSERT INTO DorezimiVeturesNgaKlienti (nrDorezimit,idPranimit,idKlienti,dataDorezimit) VALUES (68, 70,'DL12345680', '01/28/2023')
INSERT INTO DorezimiVeturesNgaKlienti (nrDorezimit,idPranimit,idKlienti,dataDorezimit) VALUES (69, 68,'DL12345680', '02/08/2023')
INSERT INTO DorezimiVeturesNgaKlienti (nrDorezimit,idPranimit,idKlienti,dataDorezimit) VALUES (70, 66,'DL12345679', '02/13/2023')

--------------------------------------------------------------- Mbarimi i Insertimit i te dhenave per tabelen || DorezimiVeturesNgaKlienti || ---------------------------------------------------------------

--------------------------------------------------------------- Insertimi i te dhenave per tabelen || EvidentimiDorezimit || ---------------------------------------------------------------

INSERT INTO EvidentimiDorezimit (nrEvidentimit,nrDorezimit,kodiMarkes,idVetura) VALUES (1, 1, 'TOYOTA', 2)
INSERT INTO EvidentimiDorezimit (nrEvidentimit,nrDorezimit,kodiMarkes,idVetura) VALUES (2, 2, 'KIA', 3)
INSERT INTO EvidentimiDorezimit (nrEvidentimit,nrDorezimit,kodiMarkes,idVetura) VALUES (3, 3, 'VW', 2)
INSERT INTO EvidentimiDorezimit (nrEvidentimit,nrDorezimit,kodiMarkes,idVetura) VALUES (4, 4, 'TOYOTA', 6)
INSERT INTO EvidentimiDorezimit (nrEvidentimit,nrDorezimit,kodiMarkes,idVetura) VALUES (5, 5, 'AUDI', 3)
INSERT INTO EvidentimiDorezimit (nrEvidentimit,nrDorezimit,kodiMarkes,idVetura) VALUES (6, 6, 'HonDA', 2)
INSERT INTO EvidentimiDorezimit (nrEvidentimit,nrDorezimit,kodiMarkes,idVetura) VALUES (7, 7, 'TOYOTA', 2)
INSERT INTO EvidentimiDorezimit (nrEvidentimit,nrDorezimit,kodiMarkes,idVetura) VALUES (8, 8, 'AUDI', 3)
INSERT INTO EvidentimiDorezimit (nrEvidentimit,nrDorezimit,kodiMarkes,idVetura) VALUES (9, 9, 'FORD', 1)
INSERT INTO EvidentimiDorezimit (nrEvidentimit,nrDorezimit,kodiMarkes,idVetura) VALUES (10,10, 'MAZDA', 1)
INSERT INTO EvidentimiDorezimit (nrEvidentimit,nrDorezimit,kodiMarkes,idVetura) VALUES (11,11, 'NISSAN', 3)
INSERT INTO EvidentimiDorezimit (nrEvidentimit,nrDorezimit,kodiMarkes,idVetura) VALUES (12,12, 'MAZDA', 2)
INSERT INTO EvidentimiDorezimit (nrEvidentimit,nrDorezimit,kodiMarkes,idVetura) VALUES (13,13, 'BMW', 2)
INSERT INTO EvidentimiDorezimit (nrEvidentimit,nrDorezimit,kodiMarkes,idVetura) VALUES (14,14, 'MINI', 3)
INSERT INTO EvidentimiDorezimit (nrEvidentimit,nrDorezimit,kodiMarkes,idVetura) VALUES (15,15, 'BMW', 3)
INSERT INTO EvidentimiDorezimit (nrEvidentimit,nrDorezimit,kodiMarkes,idVetura) VALUES (16,16, 'HonDA', 2)
INSERT INTO EvidentimiDorezimit (nrEvidentimit,nrDorezimit,kodiMarkes,idVetura) VALUES (17,17, 'FORD', 2)
INSERT INTO EvidentimiDorezimit (nrEvidentimit,nrDorezimit,kodiMarkes,idVetura) VALUES (18,18, 'MINI', 5)
INSERT INTO EvidentimiDorezimit (nrEvidentimit,nrDorezimit,kodiMarkes,idVetura) VALUES (19,19, 'FORD', 2)
INSERT INTO EvidentimiDorezimit (nrEvidentimit,nrDorezimit,kodiMarkes,idVetura) VALUES (20,20, 'TOYOTA', 5)
INSERT INTO EvidentimiDorezimit (nrEvidentimit,nrDorezimit,kodiMarkes,idVetura) VALUES (21,21, 'MINI', 3)
INSERT INTO EvidentimiDorezimit (nrEvidentimit,nrDorezimit,kodiMarkes,idVetura) VALUES (22,22, 'BENZ', 2)
INSERT INTO EvidentimiDorezimit (nrEvidentimit,nrDorezimit,kodiMarkes,idVetura) VALUES (23,23, 'TOYOTA', 6)
INSERT INTO EvidentimiDorezimit (nrEvidentimit,nrDorezimit,kodiMarkes,idVetura) VALUES (24,24, 'MINI', 5)
INSERT INTO EvidentimiDorezimit (nrEvidentimit,nrDorezimit,kodiMarkes,idVetura) VALUES (25,25, 'JAGUAR', 1)
INSERT INTO EvidentimiDorezimit (nrEvidentimit,nrDorezimit,kodiMarkes,idVetura) VALUES (26,26, 'BMW', 2)
INSERT INTO EvidentimiDorezimit (nrEvidentimit,nrDorezimit,kodiMarkes,idVetura) VALUES (27,27, 'MINI', 2)
INSERT INTO EvidentimiDorezimit (nrEvidentimit,nrDorezimit,kodiMarkes,idVetura) VALUES (28,28, 'BMW', 2)
INSERT INTO EvidentimiDorezimit (nrEvidentimit,nrDorezimit,kodiMarkes,idVetura) VALUES (29,29, 'TOYOTA', 6)
INSERT INTO EvidentimiDorezimit (nrEvidentimit,nrDorezimit,kodiMarkes,idVetura) VALUES (30,30, 'TOYOTA', 6)
INSERT INTO EvidentimiDorezimit (nrEvidentimit,nrDorezimit,kodiMarkes,idVetura) VALUES (31,31, 'JAGUAR', 2)
INSERT INTO EvidentimiDorezimit (nrEvidentimit,nrDorezimit,kodiMarkes,idVetura) VALUES (32,32, 'BENZ', 2)
INSERT INTO EvidentimiDorezimit (nrEvidentimit,nrDorezimit,kodiMarkes,idVetura) VALUES (33,33, 'FORD', 3)
INSERT INTO EvidentimiDorezimit (nrEvidentimit,nrDorezimit,kodiMarkes,idVetura) VALUES (34,34, 'MAZDA', 2)
INSERT INTO EvidentimiDorezimit (nrEvidentimit,nrDorezimit,kodiMarkes,idVetura) VALUES (35,35, 'VW', 1)
INSERT INTO EvidentimiDorezimit (nrEvidentimit,nrDorezimit,kodiMarkes,idVetura) VALUES (36,36, 'NISSAN', 3)
INSERT INTO EvidentimiDorezimit (nrEvidentimit,nrDorezimit,kodiMarkes,idVetura) VALUES (37,37, 'FORD', 2)
INSERT INTO EvidentimiDorezimit (nrEvidentimit,nrDorezimit,kodiMarkes,idVetura) VALUES (38,38, 'NISSAN', 2)
INSERT INTO EvidentimiDorezimit (nrEvidentimit,nrDorezimit,kodiMarkes,idVetura) VALUES (39,39, 'JAGUAR', 3)
INSERT INTO EvidentimiDorezimit (nrEvidentimit,nrDorezimit,kodiMarkes,idVetura) VALUES (40,40, 'MINI', 5)
INSERT INTO EvidentimiDorezimit (nrEvidentimit,nrDorezimit,kodiMarkes,idVetura) VALUES (41,41, 'VW', 2)
INSERT INTO EvidentimiDorezimit (nrEvidentimit,nrDorezimit,kodiMarkes,idVetura) VALUES (42,42, 'FORD', 2)
INSERT INTO EvidentimiDorezimit (nrEvidentimit,nrDorezimit,kodiMarkes,idVetura) VALUES (43,43, 'VW', 5)
INSERT INTO EvidentimiDorezimit (nrEvidentimit,nrDorezimit,kodiMarkes,idVetura) VALUES (44,44, 'FORD', 3)
INSERT INTO EvidentimiDorezimit (nrEvidentimit,nrDorezimit,kodiMarkes,idVetura) VALUES (45,45, 'VW', 4)
INSERT INTO EvidentimiDorezimit (nrEvidentimit,nrDorezimit,kodiMarkes,idVetura) VALUES (46,46, 'LEXUS', 2)
INSERT INTO EvidentimiDorezimit (nrEvidentimit,nrDorezimit,kodiMarkes,idVetura) VALUES (47,47, 'LEXUS', 2)
INSERT INTO EvidentimiDorezimit (nrEvidentimit,nrDorezimit,kodiMarkes,idVetura) VALUES (48,48, 'BMW', 3)
INSERT INTO EvidentimiDorezimit (nrEvidentimit,nrDorezimit,kodiMarkes,idVetura) VALUES (49,49, 'MINI', 4)
INSERT INTO EvidentimiDorezimit (nrEvidentimit,nrDorezimit,kodiMarkes,idVetura) VALUES (50,50, 'FORD', 3)
INSERT INTO EvidentimiDorezimit (nrEvidentimit,nrDorezimit,kodiMarkes,idVetura) VALUES (51,51, 'HonDA', 1)
INSERT INTO EvidentimiDorezimit (nrEvidentimit,nrDorezimit,kodiMarkes,idVetura) VALUES (52,52, 'NISSAN', 1)
INSERT INTO EvidentimiDorezimit (nrEvidentimit,nrDorezimit,kodiMarkes,idVetura) VALUES (53,53, 'HonDA', 1)
INSERT INTO EvidentimiDorezimit (nrEvidentimit,nrDorezimit,kodiMarkes,idVetura) VALUES (54,54, 'VW', 4)
INSERT INTO EvidentimiDorezimit (nrEvidentimit,nrDorezimit,kodiMarkes,idVetura) VALUES (55,55, 'LEXUS', 1)
INSERT INTO EvidentimiDorezimit (nrEvidentimit,nrDorezimit,kodiMarkes,idVetura) VALUES (56,56, 'HYUNDAI', 1)
INSERT INTO EvidentimiDorezimit (nrEvidentimit,nrDorezimit,kodiMarkes,idVetura) VALUES (57,57, 'FORD', 2)
INSERT INTO EvidentimiDorezimit (nrEvidentimit,nrDorezimit,kodiMarkes,idVetura) VALUES (58,58, 'FORD', 2)
INSERT INTO EvidentimiDorezimit (nrEvidentimit,nrDorezimit,kodiMarkes,idVetura) VALUES (59,59, 'MAZDA', 2)
INSERT INTO EvidentimiDorezimit (nrEvidentimit,nrDorezimit,kodiMarkes,idVetura) VALUES (60,60, 'TOYOTA', 3)
INSERT INTO EvidentimiDorezimit (nrEvidentimit,nrDorezimit,kodiMarkes,idVetura) VALUES (61,61, 'VW', 1)
INSERT INTO EvidentimiDorezimit (nrEvidentimit,nrDorezimit,kodiMarkes,idVetura) VALUES (62,62, 'MINI', 2)
INSERT INTO EvidentimiDorezimit (nrEvidentimit,nrDorezimit,kodiMarkes,idVetura) VALUES (63,63, 'MAZDA', 1)
INSERT INTO EvidentimiDorezimit (nrEvidentimit,nrDorezimit,kodiMarkes,idVetura) VALUES (64,64, 'MINI', 5)
INSERT INTO EvidentimiDorezimit (nrEvidentimit,nrDorezimit,kodiMarkes,idVetura) VALUES (65,65, 'FORD', 3)
INSERT INTO EvidentimiDorezimit (nrEvidentimit,nrDorezimit,kodiMarkes,idVetura) VALUES (66,66, 'TOYOTA', 1)
INSERT INTO EvidentimiDorezimit (nrEvidentimit,nrDorezimit,kodiMarkes,idVetura) VALUES (67,67, 'HonDA', 1)
INSERT INTO EvidentimiDorezimit (nrEvidentimit,nrDorezimit,kodiMarkes,idVetura) VALUES (68,68, 'LEXUS', 3)
INSERT INTO EvidentimiDorezimit (nrEvidentimit,nrDorezimit,kodiMarkes,idVetura) VALUES (69,69, 'MINI', 5)
INSERT INTO EvidentimiDorezimit (nrEvidentimit,nrDorezimit,kodiMarkes,idVetura) VALUES (70,70, 'KIA', 2)

--------------------------------------------------------------- Mbarimi i Insertimit i te dhenave per tabelen || EvidentimiDorezimit || ---------------------------------------------------------------

--------------------------------------------------------------- Insertimi i te dhenave per tabelen || ServisiAutorizuar ||  ---------------------------------------------------------------

INSERT INTO ServisiAutorizuar (nrEgzaminimit,nrEvidentimit,idDega,idStafi) VALUES (1,1,'D012',2)
INSERT INTO ServisiAutorizuar (nrEgzaminimit,nrEvidentimit,idDega,idStafi) VALUES (2,2,'D002',2)
INSERT INTO ServisiAutorizuar (nrEgzaminimit,nrEvidentimit,idDega,idStafi) VALUES (3,3,'D006',2)
INSERT INTO ServisiAutorizuar (nrEgzaminimit,nrEvidentimit,idDega,idStafi) VALUES (4,4,'D012',2)
INSERT INTO ServisiAutorizuar (nrEgzaminimit,nrEvidentimit,idDega,idStafi) VALUES (5,5,'D010',1)
INSERT INTO ServisiAutorizuar (nrEgzaminimit,nrEvidentimit,idDega,idStafi) VALUES (6,6,'D002',2)
INSERT INTO ServisiAutorizuar (nrEgzaminimit,nrEvidentimit,idDega,idStafi) VALUES (7,7,'D012',2)
INSERT INTO ServisiAutorizuar (nrEgzaminimit,nrEvidentimit,idDega,idStafi) VALUES (8,8,'D010',1)
INSERT INTO ServisiAutorizuar (nrEgzaminimit,nrEvidentimit,idDega,idStafi) VALUES (9,9,'D001',2)
INSERT INTO ServisiAutorizuar (nrEgzaminimit,nrEvidentimit,idDega,idStafi) VALUES (10,10,'D001',2)
INSERT INTO ServisiAutorizuar (nrEgzaminimit,nrEvidentimit,idDega,idStafi) VALUES (11,11,'D007',2)
INSERT INTO ServisiAutorizuar (nrEgzaminimit,nrEvidentimit,idDega,idStafi) VALUES (12,12,'D002',2)
INSERT INTO ServisiAutorizuar (nrEgzaminimit,nrEvidentimit,idDega,idStafi) VALUES (13,13,'D011',1)
INSERT INTO ServisiAutorizuar (nrEgzaminimit,nrEvidentimit,idDega,idStafi) VALUES (14,14,'D012',2)
INSERT INTO ServisiAutorizuar (nrEgzaminimit,nrEvidentimit,idDega,idStafi) VALUES (15,15,'D010',1)
INSERT INTO ServisiAutorizuar (nrEgzaminimit,nrEvidentimit,idDega,idStafi) VALUES (16,16,'D002',2)
INSERT INTO ServisiAutorizuar (nrEgzaminimit,nrEvidentimit,idDega,idStafi) VALUES (17,17,'D002',2)
INSERT INTO ServisiAutorizuar (nrEgzaminimit,nrEvidentimit,idDega,idStafi) VALUES (18,18,'D013',2)
INSERT INTO ServisiAutorizuar (nrEgzaminimit,nrEvidentimit,idDega,idStafi) VALUES (19,19,'D002',2)
INSERT INTO ServisiAutorizuar (nrEgzaminimit,nrEvidentimit,idDega,idStafi) VALUES (20,20,'D009',2)
INSERT INTO ServisiAutorizuar (nrEgzaminimit,nrEvidentimit,idDega,idStafi) VALUES (21,21,'D012',2)
INSERT INTO ServisiAutorizuar (nrEgzaminimit,nrEvidentimit,idDega,idStafi) VALUES (22,22,'D001',2)
INSERT INTO ServisiAutorizuar (nrEgzaminimit,nrEvidentimit,idDega,idStafi) VALUES (23,23,'D012',2)
INSERT INTO ServisiAutorizuar (nrEgzaminimit,nrEvidentimit,idDega,idStafi) VALUES (24,24,'D013',2)
INSERT INTO ServisiAutorizuar (nrEgzaminimit,nrEvidentimit,idDega,idStafi) VALUES (25,25,'D006',2)
INSERT INTO ServisiAutorizuar (nrEgzaminimit,nrEvidentimit,idDega,idStafi) VALUES (26,26,'D011',1)
INSERT INTO ServisiAutorizuar (nrEgzaminimit,nrEvidentimit,idDega,idStafi) VALUES (27,27,'D002',2)
INSERT INTO ServisiAutorizuar (nrEgzaminimit,nrEvidentimit,idDega,idStafi) VALUES (28,28,'D011',1)
INSERT INTO ServisiAutorizuar (nrEgzaminimit,nrEvidentimit,idDega,idStafi) VALUES (29,29,'D012',2)
INSERT INTO ServisiAutorizuar (nrEgzaminimit,nrEvidentimit,idDega,idStafi) VALUES (30,30,'D012',2)
INSERT INTO ServisiAutorizuar (nrEgzaminimit,nrEvidentimit,idDega,idStafi) VALUES (31,31,'D007',2)
INSERT INTO ServisiAutorizuar (nrEgzaminimit,nrEvidentimit,idDega,idStafi) VALUES (32,32,'D001',2)
INSERT INTO ServisiAutorizuar (nrEgzaminimit,nrEvidentimit,idDega,idStafi) VALUES (33,33,'D001',2)
INSERT INTO ServisiAutorizuar (nrEgzaminimit,nrEvidentimit,idDega,idStafi) VALUES (34,34,'D002',2)
INSERT INTO ServisiAutorizuar (nrEgzaminimit,nrEvidentimit,idDega,idStafi) VALUES (35,35,'D006',2)
INSERT INTO ServisiAutorizuar (nrEgzaminimit,nrEvidentimit,idDega,idStafi) VALUES (36,36,'D007',2)
INSERT INTO ServisiAutorizuar (nrEgzaminimit,nrEvidentimit,idDega,idStafi) VALUES (37,37,'D002',2)
INSERT INTO ServisiAutorizuar (nrEgzaminimit,nrEvidentimit,idDega,idStafi) VALUES (38,38,'D006',2)
INSERT INTO ServisiAutorizuar (nrEgzaminimit,nrEvidentimit,idDega,idStafi) VALUES (39,39,'D008',2)
INSERT INTO ServisiAutorizuar (nrEgzaminimit,nrEvidentimit,idDega,idStafi) VALUES (40,40,'D013',2)
INSERT INTO ServisiAutorizuar (nrEgzaminimit,nrEvidentimit,idDega,idStafi) VALUES (41,41,'D006',2)
INSERT INTO ServisiAutorizuar (nrEgzaminimit,nrEvidentimit,idDega,idStafi) VALUES (42,42,'D002',2)
INSERT INTO ServisiAutorizuar (nrEgzaminimit,nrEvidentimit,idDega,idStafi) VALUES (43,43,'D004',2)
INSERT INTO ServisiAutorizuar (nrEgzaminimit,nrEvidentimit,idDega,idStafi) VALUES (44,44,'D001',2)
INSERT INTO ServisiAutorizuar (nrEgzaminimit,nrEvidentimit,idDega,idStafi) VALUES (45,45,'D005',2)
INSERT INTO ServisiAutorizuar (nrEgzaminimit,nrEvidentimit,idDega,idStafi) VALUES (46,46,'D012',2)
INSERT INTO ServisiAutorizuar (nrEgzaminimit,nrEvidentimit,idDega,idStafi) VALUES (47,47,'D012',2)
INSERT INTO ServisiAutorizuar (nrEgzaminimit,nrEvidentimit,idDega,idStafi) VALUES (48,48,'D010',1)
INSERT INTO ServisiAutorizuar (nrEgzaminimit,nrEvidentimit,idDega,idStafi) VALUES (49,49,'D003',2)
INSERT INTO ServisiAutorizuar (nrEgzaminimit,nrEvidentimit,idDega,idStafi) VALUES (50,50,'D001',2)
INSERT INTO ServisiAutorizuar (nrEgzaminimit,nrEvidentimit,idDega,idStafi) VALUES (51,51,'D002',2)
INSERT INTO ServisiAutorizuar (nrEgzaminimit,nrEvidentimit,idDega,idStafi) VALUES (52,52,'D005',2)
INSERT INTO ServisiAutorizuar (nrEgzaminimit,nrEvidentimit,idDega,idStafi) VALUES (53,53,'D002',2)
INSERT INTO ServisiAutorizuar (nrEgzaminimit,nrEvidentimit,idDega,idStafi) VALUES (54,54,'D005',2)
INSERT INTO ServisiAutorizuar (nrEgzaminimit,nrEvidentimit,idDega,idStafi) VALUES (55,55,'D013',2)
INSERT INTO ServisiAutorizuar (nrEgzaminimit,nrEvidentimit,idDega,idStafi) VALUES (56,56,'D004',2)
INSERT INTO ServisiAutorizuar (nrEgzaminimit,nrEvidentimit,idDega,idStafi) VALUES (57,57,'D002',2)
INSERT INTO ServisiAutorizuar (nrEgzaminimit,nrEvidentimit,idDega,idStafi) VALUES (58,58,'D002',2)
INSERT INTO ServisiAutorizuar (nrEgzaminimit,nrEvidentimit,idDega,idStafi) VALUES (59,59,'D002',2)
INSERT INTO ServisiAutorizuar (nrEgzaminimit,nrEvidentimit,idDega,idStafi) VALUES (60,60,'D003',2)
INSERT INTO ServisiAutorizuar (nrEgzaminimit,nrEvidentimit,idDega,idStafi) VALUES (61,61,'D006',2)
INSERT INTO ServisiAutorizuar (nrEgzaminimit,nrEvidentimit,idDega,idStafi) VALUES (62,62,'D002',2)
INSERT INTO ServisiAutorizuar (nrEgzaminimit,nrEvidentimit,idDega,idStafi) VALUES (63,63,'D001',2)
INSERT INTO ServisiAutorizuar (nrEgzaminimit,nrEvidentimit,idDega,idStafi) VALUES (64,64,'D013',2)
INSERT INTO ServisiAutorizuar (nrEgzaminimit,nrEvidentimit,idDega,idStafi) VALUES (65,65,'D001',2)
INSERT INTO ServisiAutorizuar (nrEgzaminimit,nrEvidentimit,idDega,idStafi) VALUES (66,66,'D003',2)
INSERT INTO ServisiAutorizuar (nrEgzaminimit,nrEvidentimit,idDega,idStafi) VALUES (67,67,'D002',2)
INSERT INTO ServisiAutorizuar (nrEgzaminimit,nrEvidentimit,idDega,idStafi) VALUES (68,68,'D013',2)
INSERT INTO ServisiAutorizuar (nrEgzaminimit,nrEvidentimit,idDega,idStafi) VALUES (69,69,'D013',2)
INSERT INTO ServisiAutorizuar (nrEgzaminimit,nrEvidentimit,idDega,idStafi) VALUES (70,70,'D012',2)

--------------------------------------------------------------- Mbarimi i Insertimit i te dhenave per tabelen || ServisiAutorizuar || ---------------------------------------------------------------

--------------------------------------------------------------- Insertimi i te dhenave per tabelen || RaportiVeturesDorezuar ||  ---------------------------------------------------------------

INSERT INTO RaportiVeturesDorezuar (nrRaportit,nrEgzaminimit,kmTotaleVetures,raportiEgzaminimit) VALUES (1,1,113336,'The battery in the car was found to be dead and in need of replacement. The battery cables were also corroded and will need to be cleaned or replaced.') 																
INSERT INTO RaportiVeturesDorezuar (nrRaportit,nrEgzaminimit,kmTotaleVetures,raportiEgzaminimit) VALUES (2,2,150339,'The spare tire in the car was found to be in good condition and properly inflated. All of the other tires on the car were also in good condition with plenty of tread.')
INSERT INTO RaportiVeturesDorezuar (nrRaportit,nrEgzaminimit,kmTotaleVetures,raportiEgzaminimit) VALUES (3,3,177260,'The air conditioning system in the car was found to be in good condition and cooling the interior effectively. The system is functioning as designed.')
INSERT INTO RaportiVeturesDorezuar (nrRaportit,nrEgzaminimit,kmTotaleVetures,raportiEgzaminimit) VALUES (4,4,155672,'The tire pressure on the car was found to be within the recommended range and the tires are in good condition with plenty of tread. The wheels are also properly aligned.')
INSERT INTO RaportiVeturesDorezuar (nrRaportit,nrEgzaminimit,kmTotaleVetures,raportiEgzaminimit) VALUES (5,5,180246,'The battery in the car was found to be fully charged and in good condition. The battery cables are clean and properly connected.')
INSERT INTO RaportiVeturesDorezuar (nrRaportit,nrEgzaminimit,kmTotaleVetures,raportiEgzaminimit) VALUES (6,6,120966,'The tire pressure on the car was found to be within the recommended range and the tires are in good condition with plenty of tread. The wheels are also properly aligned.')
INSERT INTO RaportiVeturesDorezuar (nrRaportit,nrEgzaminimit,kmTotaleVetures,raportiEgzaminimit) VALUES (7,7,115292,'The transmission fluid in the car was found to be at the proper level and clean. The transmission is shifting smoothly.')
INSERT INTO RaportiVeturesDorezuar (nrRaportit,nrEgzaminimit,kmTotaleVetures,raportiEgzaminimit) VALUES (8,8,181593,'The catalytic converter in the car was functioning properly and met all emission standards. The converter is in good condition and operating efficiently.')
INSERT INTO RaportiVeturesDorezuar (nrRaportit,nrEgzaminimit,kmTotaleVetures,raportiEgzaminimit) VALUES (9,9,150055,'The fuel pump in the car was found to be in good condition and delivering fuel to the engine effectively. The fuel system is functioning as designed.')
INSERT INTO RaportiVeturesDorezuar (nrRaportit,nrEgzaminimit,kmTotaleVetures,raportiEgzaminimit) VALUES (10,10,185167,'The transmission fluid in the car was found to be at the proper level and clean. The transmission is shifting smoothly.')
INSERT INTO RaportiVeturesDorezuar (nrRaportit,nrEgzaminimit,kmTotaleVetures,raportiEgzaminimit) VALUES (11,11,190552,'The transmission fluid in the car was found to be at the proper level and clean. The transmission is shifting smoothly.')
INSERT INTO RaportiVeturesDorezuar (nrRaportit,nrEgzaminimit,kmTotaleVetures,raportiEgzaminimit) VALUES (12,12,141604,'The air conditioning system in the car was found to be in good condition and cooling the interior effectively. The system is functioning as designed.')
INSERT INTO RaportiVeturesDorezuar (nrRaportit,nrEgzaminimit,kmTotaleVetures,raportiEgzaminimit) VALUES (13,13,109734,'The fuel pump in the car was found to be in good condition and delivering fuel to the engine effectively. The fuel system is functioning as designed.')
INSERT INTO RaportiVeturesDorezuar (nrRaportit,nrEgzaminimit,kmTotaleVetures,raportiEgzaminimit) VALUES (14,14,184204,'The oil level in the car was found to be within the recommended range and the oil filter was in good condition. The engine is running smoothly.')
INSERT INTO RaportiVeturesDorezuar (nrRaportit,nrEgzaminimit,kmTotaleVetures,raportiEgzaminimit) VALUES (15,15,142999,'The catalytic converter in the car was functioning properly and met all emission standards. The converter is in good condition and operating efficiently.')
INSERT INTO RaportiVeturesDorezuar (nrRaportit,nrEgzaminimit,kmTotaleVetures,raportiEgzaminimit) VALUES (16,16,123688,'The battery in the car was found to be fully charged and in good condition. The battery cables are clean and properly connected.')
INSERT INTO RaportiVeturesDorezuar (nrRaportit,nrEgzaminimit,kmTotaleVetures,raportiEgzaminimit) VALUES (17,17,172798,'The transmission fluid in the car was found to be at the proper level and clean. The transmission is shifting smoothly.')
INSERT INTO RaportiVeturesDorezuar (nrRaportit,nrEgzaminimit,kmTotaleVetures,raportiEgzaminimit) VALUES (18,18,163450,'The radiator in the car was found to be in good condition and properly cooled the engine. The cooling system is functioning as designed.')
INSERT INTO RaportiVeturesDorezuar (nrRaportit,nrEgzaminimit,kmTotaleVetures,raportiEgzaminimit) VALUES (19,19,173623,'The transmission fluid in the car was found to be at the proper level and clean. The transmission is shifting smoothly.')
INSERT INTO RaportiVeturesDorezuar (nrRaportit,nrEgzaminimit,kmTotaleVetures,raportiEgzaminimit) VALUES (20,20,201578,'The oil level in the car was found to be low and the oil filter was clogged. The oil change interval was not followed and the engine was damaged as a result.')
INSERT INTO RaportiVeturesDorezuar (nrRaportit,nrEgzaminimit,kmTotaleVetures,raportiEgzaminimit) VALUES (21,21,184472,'The spare tire in the car was found to be flat and in need of replacement. The other tires on the car were also showing signs of wear and will need to be replaced soon.')
INSERT INTO RaportiVeturesDorezuar (nrRaportit,nrEgzaminimit,kmTotaleVetures,raportiEgzaminimit) VALUES (22,22,109768,'The transmission fluid in the car was found to be at the proper level and clean. The transmission is shifting smoothly.')
INSERT INTO RaportiVeturesDorezuar (nrRaportit,nrEgzaminimit,kmTotaleVetures,raportiEgzaminimit) VALUES (23,23,155733,'The fuel pump in the car was found to be in good condition and delivering fuel to the engine effectively. The fuel system is functioning as designed.')
INSERT INTO RaportiVeturesDorezuar (nrRaportit,nrEgzaminimit,kmTotaleVetures,raportiEgzaminimit) VALUES (24,24,163992,'The oil level in the car was found to be within the recommended range and the oil filter was in good condition. The engine is running smoothly.')
INSERT INTO RaportiVeturesDorezuar (nrRaportit,nrEgzaminimit,kmTotaleVetures,raportiEgzaminimit) VALUES (25,25,127600,'The front and rear of the car were both severely damaged and will need extensive repair. The frame of the car was also bent and will need straightening. The airbags deployed during the accident.')
INSERT INTO RaportiVeturesDorezuar (nrRaportit,nrEgzaminimit,kmTotaleVetures,raportiEgzaminimit) VALUES (26,26,114109,'The tire pressure on the car was found to be significantly low and the tires were showing signs of severe wear. The tires were not properly inflated and the tread wore down prematurely.')
INSERT INTO RaportiVeturesDorezuar (nrRaportit,nrEgzaminimit,kmTotaleVetures,raportiEgzaminimit) VALUES (27,27,116336,'The brakes on the car were found to be in good condition and the brake fluid was clean. The brake pads have plenty of life left and the brake lines are clear.')
INSERT INTO RaportiVeturesDorezuar (nrRaportit,nrEgzaminimit,kmTotaleVetures,raportiEgzaminimit) VALUES (28,28,114193,'The oil level in the car was found to be within the recommended range and the oil filter was in good condition. The engine is running smoothly.')
INSERT INTO RaportiVeturesDorezuar (nrRaportit,nrEgzaminimit,kmTotaleVetures,raportiEgzaminimit) VALUES (29,29,156618,'The battery in the car was found to be fully charged and in good condition. The battery cables are clean and properly connected.')
INSERT INTO RaportiVeturesDorezuar (nrRaportit,nrEgzaminimit,kmTotaleVetures,raportiEgzaminimit) VALUES (30,30,157366,'The oil level in the car was found to be within the recommended range and the oil filter was in good condition. The engine is running smoothly.')
INSERT INTO RaportiVeturesDorezuar (nrRaportit,nrEgzaminimit,kmTotaleVetures,raportiEgzaminimit) VALUES (31,31,177185,'The fuel pump in the car was found to be malfunctioning. The fuel pump was damaged by running the car out of fuel and will need to be replaced.')
INSERT INTO RaportiVeturesDorezuar (nrRaportit,nrEgzaminimit,kmTotaleVetures,raportiEgzaminimit) VALUES (32,32,111584,'The catalytic converter in the car was functioning properly and met all emission standards. The converter is in good condition and operating efficiently.')
INSERT INTO RaportiVeturesDorezuar (nrRaportit,nrEgzaminimit,kmTotaleVetures,raportiEgzaminimit) VALUES (33,33,156151,'The brakes on the car were found to be in good condition and the brake fluid was clean. The brake pads have plenty of life left and the brake lines are clear.')
INSERT INTO RaportiVeturesDorezuar (nrRaportit,nrEgzaminimit,kmTotaleVetures,raportiEgzaminimit) VALUES (34,34,141753,'The brakes on the car were found to be severely worn and the brake fluid was contaminated. The brakes were not used properly and the pads and fluid needed to be replaced sooner than necessary.')
INSERT INTO RaportiVeturesDorezuar (nrRaportit,nrEgzaminimit,kmTotaleVetures,raportiEgzaminimit) VALUES (35,35,117198,'The fuel pump in the car was found to be in good condition and delivering fuel to the engine effectively. The fuel system is functioning as designed.')
INSERT INTO RaportiVeturesDorezuar (nrRaportit,nrEgzaminimit,kmTotaleVetures,raportiEgzaminimit) VALUES (36,36,193130,'The battery in the car was found to be fully charged and in good condition. The battery cables are clean and properly connected.')
INSERT INTO RaportiVeturesDorezuar (nrRaportit,nrEgzaminimit,kmTotaleVetures,raportiEgzaminimit) VALUES (37,37,173648,'The battery in the car was found to be fully charged and in good condition. The battery cables are clean and properly connected.')
INSERT INTO RaportiVeturesDorezuar (nrRaportit,nrEgzaminimit,kmTotaleVetures,raportiEgzaminimit) VALUES (38,38,111476,'The spare tire in the car was found to be in good condition and properly inflated. All of the other tires on the car were also in good condition with plenty of tread.')
INSERT INTO RaportiVeturesDorezuar (nrRaportit,nrEgzaminimit,kmTotaleVetures,raportiEgzaminimit) VALUES (39,39,142407,'The battery in the car was found to be fully charged and in good condition. The battery cables are clean and properly connected.')
INSERT INTO RaportiVeturesDorezuar (nrRaportit,nrEgzaminimit,kmTotaleVetures,raportiEgzaminimit) VALUES (40,40,164165,'The oil level in the car was found to be within the recommended range and the oil filter was in good condition. The engine is running smoothly.')
INSERT INTO RaportiVeturesDorezuar (nrRaportit,nrEgzaminimit,kmTotaleVetures,raportiEgzaminimit) VALUES (41,41,177655,'The tire pressure on the car was found to be within the recommended range and the tires are in good condition with plenty of tread. The wheels are also properly aligned.')
INSERT INTO RaportiVeturesDorezuar (nrRaportit,nrEgzaminimit,kmTotaleVetures,raportiEgzaminimit) VALUES (42,42,173892,'The brakes on the car were found to be severely worn and the brake fluid was contaminated. The brake pads will need to be replaced and the brake lines will need to be flushed.')
INSERT INTO RaportiVeturesDorezuar (nrRaportit,nrEgzaminimit,kmTotaleVetures,raportiEgzaminimit) VALUES (43,43,172576,'The air conditioning system in the car was found to be in good condition and cooling the interior effectively. The system is functioning as designed.')
INSERT INTO RaportiVeturesDorezuar (nrRaportit,nrEgzaminimit,kmTotaleVetures,raportiEgzaminimit) VALUES (44,44,156246,'The air conditioning system in the car was not functioning properly. The system was damaged by using it while the car was not running and will need to be repaired.')
INSERT INTO RaportiVeturesDorezuar (nrRaportit,nrEgzaminimit,kmTotaleVetures,raportiEgzaminimit) VALUES (45,45,201627,'The transmission fluid in the car was found to be low and contaminated. The transmission was damaged by improper shifting and will need to be repaired or replaced.')
INSERT INTO RaportiVeturesDorezuar (nrRaportit,nrEgzaminimit,kmTotaleVetures,raportiEgzaminimit) VALUES (46,46,173441,'The spare tire in the car was found to be in good condition and properly inflated. All of the other tires on the car were also in good condition with plenty of tread.')
INSERT INTO RaportiVeturesDorezuar (nrRaportit,nrEgzaminimit,kmTotaleVetures,raportiEgzaminimit) VALUES (47,47,174353,'The catalytic converter in the car was functioning properly and met all emission standards. The converter is in good condition and operating efficiently.')
INSERT INTO RaportiVeturesDorezuar (nrRaportit,nrEgzaminimit,kmTotaleVetures,raportiEgzaminimit) VALUES (48,48,143344,'The fuel pump in the car was found to be malfunctioning. The fuel pump was damaged by running the car out of fuel and will need to be replaced.')
INSERT INTO RaportiVeturesDorezuar (nrRaportit,nrEgzaminimit,kmTotaleVetures,raportiEgzaminimit) VALUES (49,49,172873,'The tire pressure on the car was found to be significantly low and the tires were showing signs of severe wear. The tires were not properly inflated and the tread wore down prematurely.')
INSERT INTO RaportiVeturesDorezuar (nrRaportit,nrEgzaminimit,kmTotaleVetures,raportiEgzaminimit) VALUES (50,50,159294,'The battery in the car was found to be dead and in need of replacement. The battery cables were also corroded and will need to be cleaned or replaced.')
INSERT INTO RaportiVeturesDorezuar (nrRaportit,nrEgzaminimit,kmTotaleVetures,raportiEgzaminimit) VALUES (51,51,128799,'The air conditioning system in the car was found to be in good condition and cooling the interior effectively. The system is functioning as designed.')
INSERT INTO RaportiVeturesDorezuar (nrRaportit,nrEgzaminimit,kmTotaleVetures,raportiEgzaminimit) VALUES (52,52,128535,'The battery in the car was found to be dead and in need of replacement. The battery was drained by leaving the headlights on overnight.')
INSERT INTO RaportiVeturesDorezuar (nrRaportit,nrEgzaminimit,kmTotaleVetures,raportiEgzaminimit) VALUES (53,53,129970,'The oil level in the car was found to be within the recommended range and the oil filter was in good condition. The engine is running smoothly.')
INSERT INTO RaportiVeturesDorezuar (nrRaportit,nrEgzaminimit,kmTotaleVetures,raportiEgzaminimit) VALUES (54,54,203652,'The spare tire in the car was found to be in good condition and properly inflated. All of the other tires on the car were also in good condition with plenty of tread.')
INSERT INTO RaportiVeturesDorezuar (nrRaportit,nrEgzaminimit,kmTotaleVetures,raportiEgzaminimit) VALUES (55,55,196799,'The front and rear of the car were both severely damaged and will need extensive repair. The frame of the car was also bent and will need straightening. The airbags deployed during the accident.')
INSERT INTO RaportiVeturesDorezuar (nrRaportit,nrEgzaminimit,kmTotaleVetures,raportiEgzaminimit) VALUES (56,56,130291,'The spare tire in the car was found to be in good condition and properly inflated. All of the other tires on the car were also in good condition with plenty of tread.')
INSERT INTO RaportiVeturesDorezuar (nrRaportit,nrEgzaminimit,kmTotaleVetures,raportiEgzaminimit) VALUES (57,57,175368,'The battery in the car was found to be fully charged and in good condition. The battery cables are clean and properly connected.')
INSERT INTO RaportiVeturesDorezuar (nrRaportit,nrEgzaminimit,kmTotaleVetures,raportiEgzaminimit) VALUES (58,58,176133,'The battery in the car was found to be dead and in need of replacement. The battery was drained by leaving the headlights on overnight.')
INSERT INTO RaportiVeturesDorezuar (nrRaportit,nrEgzaminimit,kmTotaleVetures,raportiEgzaminimit) VALUES (59,59,142811,'The radiator in the car was found to have a leak. The radiator was damaged by not properly maintaining the cooling system and will need to be repaired or replaced.')
INSERT INTO RaportiVeturesDorezuar (nrRaportit,nrEgzaminimit,kmTotaleVetures,raportiEgzaminimit) VALUES (60,60,164273,'The fuel pump in the car was found to be in good condition and delivering fuel to the engine effectively. The fuel system is functioning as designed.')
INSERT INTO RaportiVeturesDorezuar (nrRaportit,nrEgzaminimit,kmTotaleVetures,raportiEgzaminimit) VALUES (61,61,121200,'The oil level in the car was found to be within the recommended range and the oil filter was in good condition. The engine is running smoothly.')
INSERT INTO RaportiVeturesDorezuar (nrRaportit,nrEgzaminimit,kmTotaleVetures,raportiEgzaminimit) VALUES (62,62,116525,'The transmission fluid in the car was found to be low and contaminated. The transmission will need to be drained and refilled with fresh fluid.')
INSERT INTO RaportiVeturesDorezuar (nrRaportit,nrEgzaminimit,kmTotaleVetures,raportiEgzaminimit) VALUES (63,63,186898,'The battery in the car was found to be dead and in need of replacement. The battery was drained by leaving the headlights on overnight.')
INSERT INTO RaportiVeturesDorezuar (nrRaportit,nrEgzaminimit,kmTotaleVetures,raportiEgzaminimit) VALUES (64,64,164219,'The battery in the car was found to be fully charged and in good condition. The battery cables are clean and properly connected.')
INSERT INTO RaportiVeturesDorezuar (nrRaportit,nrEgzaminimit,kmTotaleVetures,raportiEgzaminimit) VALUES (65,65,159361,'The transmission fluid in the car was found to be low and contaminated. The transmission will need to be drained and refilled with fresh fluid.')
INSERT INTO RaportiVeturesDorezuar (nrRaportit,nrEgzaminimit,kmTotaleVetures,raportiEgzaminimit) VALUES (66,66,140415,'The battery in the car was found to be fully charged and in good condition. The battery cables are clean and properly connected.')
INSERT INTO RaportiVeturesDorezuar (nrRaportit,nrEgzaminimit,kmTotaleVetures,raportiEgzaminimit) VALUES (67,67,130684,'The radiator in the car was found to have a leak. The radiator was damaged by not properly maintaining the cooling system and will need to be repaired or replaced.')
INSERT INTO RaportiVeturesDorezuar (nrRaportit,nrEgzaminimit,kmTotaleVetures,raportiEgzaminimit) VALUES (68,68,173599,'The spare tire in the car was found to be flat and in need of replacement. The tire was driven on while flat and caused irreparable damage.')
INSERT INTO RaportiVeturesDorezuar (nrRaportit,nrEgzaminimit,kmTotaleVetures,raportiEgzaminimit) VALUES (69,69,165182,'The tire pressure on the car was found to be within the recommended range and the tires are in good condition with plenty of tread. The wheels are also properly aligned.')
INSERT INTO RaportiVeturesDorezuar (nrRaportit,nrEgzaminimit,kmTotaleVetures,raportiEgzaminimit) VALUES (70,70,192770,'The catalytic converter in the car was functioning properly and met all emission standards. The converter is in good condition and operating efficiently.')															

--------------------------------------------------------------- Mbarimi i Insertimit i te dhenave per tabelen || RaportiVeturesDorezuar || ---------------------------------------------------------------

--------------------------------------------------------------- Insertimi i te dhenave per tabelen || PagesaEDemitVetures ||  ---------------------------------------------------------------

INSERT INTO PagesaEDemitVetures (idPagesa, nrPatentSHF, dataPageses, kostoESanksionit, shumaERiparimit, nrRaportit) VALUES (1, 'DL12345985', '01/14/2021', 37.5, 479.0, 1)
INSERT INTO PagesaEDemitVetures (idPagesa, nrPatentSHF, dataPageses, kostoESanksionit, shumaERiparimit, nrRaportit) VALUES (2, 'DL12345677', '06/09/2022', 67.2, 498.0, 20) 
INSERT INTO PagesaEDemitVetures (idPagesa, nrPatentSHF, dataPageses, kostoESanksionit, shumaERiparimit, nrRaportit) VALUES (3, 'DL12345982', '06/12/2022', 51.7, 658.0, 21) 
INSERT INTO PagesaEDemitVetures (idPagesa, nrPatentSHF, dataPageses, kostoESanksionit, shumaERiparimit, nrRaportit) VALUES (4, 'DL12345677', '06/23/2022', 43.9, 614.0, 25) 
INSERT INTO PagesaEDemitVetures (idPagesa, nrPatentSHF, dataPageses, kostoESanksionit, shumaERiparimit, nrRaportit) VALUES (5, 'DL12345986', '06/26/2022', 73.4, 489.0, 26) 
INSERT INTO PagesaEDemitVetures (idPagesa, nrPatentSHF, dataPageses, kostoESanksionit, shumaERiparimit, nrRaportit) VALUES (6, 'DL12345672', '07/17/2022', 51.2, 523.0, 31) 
INSERT INTO PagesaEDemitVetures (idPagesa, nrPatentSHF, dataPageses, kostoESanksionit, shumaERiparimit, nrRaportit) VALUES (7, 'DL12345673', '08/05/2022', 46.3, 450.0, 34) 
INSERT INTO PagesaEDemitVetures (idPagesa, nrPatentSHF, dataPageses, kostoESanksionit, shumaERiparimit, nrRaportit) VALUES (8, 'DL12345672', '08/26/2022', 50.0, 469.0, 42) 
INSERT INTO PagesaEDemitVetures (idPagesa, nrPatentSHF, dataPageses, kostoESanksionit, shumaERiparimit, nrRaportit) VALUES (9, 'DL12345985', '09/15/2022', 70.5, 623.0, 44) 
INSERT INTO PagesaEDemitVetures (idPagesa, nrPatentSHF, dataPageses, kostoESanksionit, shumaERiparimit, nrRaportit) VALUES (10, 'DL12345984', '09/18/2022', 48.2, 654.0, 45) 
INSERT INTO PagesaEDemitVetures (idPagesa, nrPatentSHF, dataPageses, kostoESanksionit, shumaERiparimit, nrRaportit) VALUES (11, 'DL12345982', '09/29/2022', 72.3, 167.0, 48) 
INSERT INTO PagesaEDemitVetures (idPagesa, nrPatentSHF, dataPageses, kostoESanksionit, shumaERiparimit, nrRaportit) VALUES (12, 'DL12345676', '10/10/2022', 64.6, 661.0, 49) 
INSERT INTO PagesaEDemitVetures (idPagesa, nrPatentSHF, dataPageses, kostoESanksionit, shumaERiparimit, nrRaportit) VALUES (13, 'DL12345979', '10/10/2022', 73.3, 634.0, 50) 
INSERT INTO PagesaEDemitVetures (idPagesa, nrPatentSHF, dataPageses, kostoESanksionit, shumaERiparimit, nrRaportit) VALUES (14, 'DL12345982', '10/16/2022', 35.5, 667.0, 52) 
INSERT INTO PagesaEDemitVetures (idPagesa, nrPatentSHF, dataPageses, kostoESanksionit, shumaERiparimit, nrRaportit) VALUES (15, 'DL12345982', '10/28/2022', 52.9, 512.0, 55) 
INSERT INTO PagesaEDemitVetures (idPagesa, nrPatentSHF, dataPageses, kostoESanksionit, shumaERiparimit, nrRaportit) VALUES (16, 'DL12345979', '11/01/2022', 51.3, 437.0, 58) 
INSERT INTO PagesaEDemitVetures (idPagesa, nrPatentSHF, dataPageses, kostoESanksionit, shumaERiparimit, nrRaportit) VALUES (17, 'DL12345981', '11/08/2022', 71.4, 539.0, 59) 
INSERT INTO PagesaEDemitVetures (idPagesa, nrPatentSHF, dataPageses, kostoESanksionit, shumaERiparimit, nrRaportit) VALUES (18, 'DL12345986', '01/05/2023', 25.8, 616.0, 62)
INSERT INTO PagesaEDemitVetures (idPagesa, nrPatentSHF, dataPageses, kostoESanksionit, shumaERiparimit, nrRaportit) VALUES (19, 'DL12345986', '01/05/2023', 50.4, 509.0, 63) 
INSERT INTO PagesaEDemitVetures (idPagesa, nrPatentSHF, dataPageses, kostoESanksionit, shumaERiparimit, nrRaportit) VALUES (20, 'DL12345986', '01/08/2023', 75.0, 497.0, 65) 
INSERT INTO PagesaEDemitVetures (idPagesa, nrPatentSHF, dataPageses, kostoESanksionit, shumaERiparimit, nrRaportit) VALUES (21, 'DL12345679', '01/21/2023', 37.7, 407.0, 67) 
INSERT INTO PagesaEDemitVetures (idPagesa, nrPatentSHF, dataPageses, kostoESanksionit, shumaERiparimit, nrRaportit) VALUES (22, 'DL12345680', '01/28/2023', 50.0, 627.0, 68) 

--------------------------------------------------------------- Mbarimi i Insertimit i te dhenave per tabelen || PagesaEDemitVetures || ------------------------------------------------------------------

--------------------------------------------------------------- Insertimi i te dhenave per tabelen || RiparimiVetures ||  ---------------------------------------------------------------

INSERT INTO RiparimiVetures (nrRiparimit, idPagesa, nrRaportit, dataRiparimit, pershkrimiRiparimit) VALUES (1, 1, 1, '01/20/2021','The battery in the car was changed.')
INSERT INTO RiparimiVetures (nrRiparimit, idPagesa, nrRaportit, dataRiparimit, pershkrimiRiparimit) VALUES (2, 2, 20, '06/14/2022','The oil level in the car was filled and the oil filter was cleaned.')
INSERT INTO RiparimiVetures (nrRiparimit, idPagesa, nrRaportit, dataRiparimit, pershkrimiRiparimit) VALUES (3, 3, 21, '06/19/2022','The spare tire in the car was replaced.')
INSERT INTO RiparimiVetures (nrRiparimit, idPagesa, nrRaportit, dataRiparimit, pershkrimiRiparimit) VALUES (4, 4, 25, '06/29/2022','The front and rear of the car were repaired, the frame straightened, and the airbags replaced.')
INSERT INTO RiparimiVetures (nrRiparimit, idPagesa, nrRaportit, dataRiparimit, pershkrimiRiparimit) VALUES (5, 5, 26, '07/01/2022','The tire pressure on the car was adjusted and the tires replaced.')
INSERT INTO RiparimiVetures (nrRiparimit, idPagesa, nrRaportit, dataRiparimit, pershkrimiRiparimit) VALUES (6, 6, 31, '07/21/2022','The fuel pump in the car was replaced.')
INSERT INTO RiparimiVetures (nrRiparimit, idPagesa, nrRaportit, dataRiparimit, pershkrimiRiparimit) VALUES (7, 7, 34, '08/08/2022','The brakes on the car were repaired, the brake fluid replaced, and the pads replaced.')
INSERT INTO RiparimiVetures (nrRiparimit, idPagesa, nrRaportit, dataRiparimit, pershkrimiRiparimit) VALUES (8, 8, 42, '08/30/2022','The brakes on the car were repaired, the brake pads replaced, and the brake lines flushed.')
INSERT INTO RiparimiVetures (nrRiparimit, idPagesa, nrRaportit, dataRiparimit, pershkrimiRiparimit) VALUES (9, 9, 44, '09/20/2022','The air conditioning system in the car was repaired.')
INSERT INTO RiparimiVetures (nrRiparimit, idPagesa, nrRaportit, dataRiparimit, pershkrimiRiparimit) VALUES (10, 10, 45, '09/23/2022','The transmission fluid in the car was drained and refilled with fresh fluid.')
INSERT INTO RiparimiVetures (nrRiparimit, idPagesa, nrRaportit, dataRiparimit, pershkrimiRiparimit) VALUES (11, 11, 48, '10/06/2022','The fuel pump in the car was replaced.')
INSERT INTO RiparimiVetures (nrRiparimit, idPagesa, nrRaportit, dataRiparimit, pershkrimiRiparimit) VALUES (12, 12, 49, '10/16/2022','The tire pressure on the car was adjusted and the tires replaced.')
INSERT INTO RiparimiVetures (nrRiparimit, idPagesa, nrRaportit, dataRiparimit, pershkrimiRiparimit) VALUES (13, 13, 50, '10/14/2022','The battery in the car was changed.')
INSERT INTO RiparimiVetures (nrRiparimit, idPagesa, nrRaportit, dataRiparimit, pershkrimiRiparimit) VALUES (14, 14, 52, '10/19/2022','The battery in the car was changed.')
INSERT INTO RiparimiVetures (nrRiparimit, idPagesa, nrRaportit, dataRiparimit, pershkrimiRiparimit) VALUES (15, 15, 55, '11/01/2022','The front and rear of the car were repaired, the frame straightened, and the airbags replaced.')
INSERT INTO RiparimiVetures (nrRiparimit, idPagesa, nrRaportit, dataRiparimit, pershkrimiRiparimit) VALUES (16, 16, 58, '11/05/2022','The battery in the car was changed.')
INSERT INTO RiparimiVetures (nrRiparimit, idPagesa, nrRaportit, dataRiparimit, pershkrimiRiparimit) VALUES (17, 17, 59, '11/15/2022','The radiator in the car was repaired or replaced.')
INSERT INTO RiparimiVetures (nrRiparimit, idPagesa, nrRaportit, dataRiparimit, pershkrimiRiparimit) VALUES (18, 18, 62, '01/09/2023','The transmission fluid in the car was drained and refilled with fresh fluid.')
INSERT INTO RiparimiVetures (nrRiparimit, idPagesa, nrRaportit, dataRiparimit, pershkrimiRiparimit) VALUES (19, 19, 63, '01/10/2023','The battery in the car was changed.')
INSERT INTO RiparimiVetures (nrRiparimit, idPagesa, nrRaportit, dataRiparimit, pershkrimiRiparimit) VALUES (20, 20, 65, '01/13/2023','The transmission fluid in the car was drained and refilled with fresh fluid.')
INSERT INTO RiparimiVetures (nrRiparimit, idPagesa, nrRaportit, dataRiparimit, pershkrimiRiparimit) VALUES (21, 21, 67, '01/28/2023','The radiator in the car was repaired or replaced.')
INSERT INTO RiparimiVetures (nrRiparimit, idPagesa, nrRaportit, dataRiparimit, pershkrimiRiparimit) VALUES (22, 22, 68, '02/03/2023','The spare tire in the car was replaced.')

--------------------------------------------------------------- Mbarimi i Insertimit i te dhenave per tabelen || RiparimiVetures || ---------------------------------------------------------------